source,dataset,target_model,method,seed,generation_tau,confidence_conditioned,evaluation_tau,achieved_probability_mean,threshold_validity,coverage,proximity_grouped_gower,timing_total_s
e4,heloc,retained_logistic_regression,countercontex,17,0.5,False,0.5,0.5098207468301825,1.0,0.956,0.022182459024719558,413.63735400600126
e4,heloc,retained_logistic_regression,countercontex,17,0.5,False,0.6,0.5098207468301825,0.0,0.956,0.022182459024719558,413.63735400600126
e4,heloc,retained_logistic_regression,countercontex,17,0.5,False,0.7,0.5098207468301825,0.0,0.956,0.022182459024719558,413.63735400600126
e4,heloc,retained_logistic_regression,countercontex,17,0.5,False,0.8,0.5098207468301825,0.0,0.956,0.022182459024719558,413.63735400600126
e4,heloc,retained_logistic_regression,countercontex,17,0.5,False,0.9,0.5098207468301825,0.0,0.956,0.022182459024719558,413.63735400600126
e4,heloc,retained_logistic_regression,countercontex,42,0.5,False,0.5,0.5098207468301825,1.0,0.956,0.022182459024719558,379.65022588102147
e4,heloc,retained_logistic_regression,countercontex,42,0.5,False,0.6,0.5098207468301825,0.0,0.956,0.022182459024719558,379.65022588102147
e4,heloc,retained_logistic_regression,countercontex,42,0.5,False,0.7,0.5098207468301825,0.0,0.956,0.022182459024719558,379.65022588102147
e4,heloc,retained_logistic_regression,countercontex,42,0.5,False,0.8,0.5098207468301825,0.0,0.956,0.022182459024719558,379.65022588102147
e4,heloc,retained_logistic_regression,countercontex,42,0.5,False,0.9,0.5098207468301825,0.0,0.956,0.022182459024719558,379.65022588102147
e4,heloc,retained_logistic_regression,countercontex,101,0.5,False,0.5,0.5098207468301825,1.0,0.956,0.022182459024719558,417.8912097319844
e4,heloc,retained_logistic_regression,countercontex,101,0.5,False,0.6,0.5098207468301825,0.0,0.956,0.022182459024719558,417.8912097319844
e4,heloc,retained_logistic_regression,countercontex,101,0.5,False,0.7,0.5098207468301825,0.0,0.956,0.022182459024719558,417.8912097319844
e4,heloc,retained_logistic_regression,countercontex,101,0.5,False,0.8,0.5098207468301825,0.0,0.956,0.022182459024719558,417.8912097319844
e4,heloc,retained_logistic_regression,countercontex,101,0.5,False,0.9,0.5098207468301825,0.0,0.956,0.022182459024719558,417.8912097319844
e4,heloc,retained_logistic_regression,countercontex,202,0.5,False,0.5,0.5098207468301825,1.0,0.956,0.022182459024719558,456.4253222270054
e4,heloc,retained_logistic_regression,countercontex,202,0.5,False,0.6,0.5098207468301825,0.0,0.956,0.022182459024719558,456.4253222270054
e4,heloc,retained_logistic_regression,countercontex,202,0.5,False,0.7,0.5098207468301825,0.0,0.956,0.022182459024719558,456.4253222270054
e4,heloc,retained_logistic_regression,countercontex,202,0.5,False,0.8,0.5098207468301825,0.0,0.956,0.022182459024719558,456.4253222270054
e4,heloc,retained_logistic_regression,countercontex,202,0.5,False,0.9,0.5098207468301825,0.0,0.956,0.022182459024719558,456.4253222270054
e4,heloc,retained_logistic_regression,countercontex,303,0.5,False,0.5,0.5098207468301825,1.0,0.956,0.022182459024719558,441.64996684901416
e4,heloc,retained_logistic_regression,countercontex,303,0.5,False,0.6,0.5098207468301825,0.0,0.956,0.022182459024719558,441.64996684901416
e4,heloc,retained_logistic_regression,countercontex,303,0.5,False,0.7,0.5098207468301825,0.0,0.956,0.022182459024719558,441.64996684901416
e4,heloc,retained_logistic_regression,countercontex,303,0.5,False,0.8,0.5098207468301825,0.0,0.956,0.022182459024719558,441.64996684901416
e4,heloc,retained_logistic_regression,countercontex,303,0.5,False,0.9,0.5098207468301825,0.0,0.956,0.022182459024719558,441.64996684901416
e4,heloc,retained_logistic_regression,countercontex,17,0.5,True,0.5,0.5067516181750996,1.0,0.976,0.012459814674284041,1148.0065664950525
e4,heloc,retained_logistic_regression,countercontex,17,0.5,True,0.6,0.5067516181750996,0.0,0.976,0.012459814674284041,1148.0065664950525
e4,heloc,retained_logistic_regression,countercontex,17,0.5,True,0.7,0.5067516181750996,0.0,0.976,0.012459814674284041,1148.0065664950525
e4,heloc,retained_logistic_regression,countercontex,17,0.5,True,0.8,0.5067516181750996,0.0,0.976,0.012459814674284041,1148.0065664950525
e4,heloc,retained_logistic_regression,countercontex,17,0.5,True,0.9,0.5067516181750996,0.0,0.976,0.012459814674284041,1148.0065664950525
e4,heloc,retained_logistic_regression,countercontex,42,0.5,True,0.5,0.5067516181750996,1.0,0.976,0.012459814674284041,1150.362742650963
e4,heloc,retained_logistic_regression,countercontex,42,0.5,True,0.6,0.5067516181750996,0.0,0.976,0.012459814674284041,1150.362742650963
e4,heloc,retained_logistic_regression,countercontex,42,0.5,True,0.7,0.5067516181750996,0.0,0.976,0.012459814674284041,1150.362742650963
e4,heloc,retained_logistic_regression,countercontex,42,0.5,True,0.8,0.5067516181750996,0.0,0.976,0.012459814674284041,1150.362742650963
e4,heloc,retained_logistic_regression,countercontex,42,0.5,True,0.9,0.5067516181750996,0.0,0.976,0.012459814674284041,1150.362742650963
e4,heloc,retained_logistic_regression,countercontex,101,0.5,True,0.5,0.5067516181750996,1.0,0.976,0.012459814674284041,1148.9285384360119
e4,heloc,retained_logistic_regression,countercontex,101,0.5,True,0.6,0.5067516181750996,0.0,0.976,0.012459814674284041,1148.9285384360119
e4,heloc,retained_logistic_regression,countercontex,101,0.5,True,0.7,0.5067516181750996,0.0,0.976,0.012459814674284041,1148.9285384360119
e4,heloc,retained_logistic_regression,countercontex,101,0.5,True,0.8,0.5067516181750996,0.0,0.976,0.012459814674284041,1148.9285384360119
e4,heloc,retained_logistic_regression,countercontex,101,0.5,True,0.9,0.5067516181750996,0.0,0.976,0.012459814674284041,1148.9285384360119
e4,heloc,retained_logistic_regression,countercontex,202,0.5,True,0.5,0.5067516181750996,1.0,0.976,0.012459814674284041,1139.9878382709576
e4,heloc,retained_logistic_regression,countercontex,202,0.5,True,0.6,0.5067516181750996,0.0,0.976,0.012459814674284041,1139.9878382709576
e4,heloc,retained_logistic_regression,countercontex,202,0.5,True,0.7,0.5067516181750996,0.0,0.976,0.012459814674284041,1139.9878382709576
e4,heloc,retained_logistic_regression,countercontex,202,0.5,True,0.8,0.5067516181750996,0.0,0.976,0.012459814674284041,1139.9878382709576
e4,heloc,retained_logistic_regression,countercontex,202,0.5,True,0.9,0.5067516181750996,0.0,0.976,0.012459814674284041,1139.9878382709576
e4,heloc,retained_logistic_regression,countercontex,303,0.5,True,0.5,0.5067516181750996,1.0,0.976,0.012459814674284041,1155.3697741350043
e4,heloc,retained_logistic_regression,countercontex,303,0.5,True,0.6,0.5067516181750996,0.0,0.976,0.012459814674284041,1155.3697741350043
e4,heloc,retained_logistic_regression,countercontex,303,0.5,True,0.7,0.5067516181750996,0.0,0.976,0.012459814674284041,1155.3697741350043
e4,heloc,retained_logistic_regression,countercontex,303,0.5,True,0.8,0.5067516181750996,0.0,0.976,0.012459814674284041,1155.3697741350043
e4,heloc,retained_logistic_regression,countercontex,303,0.5,True,0.9,0.5067516181750996,0.0,0.976,0.012459814674284041,1155.3697741350043
e4,heloc,retained_logistic_regression,countercontex,17,0.6,False,0.5,0.6077488218800935,1.0,0.856,0.0330875495421083,809.5723325000145
e4,heloc,retained_logistic_regression,countercontex,17,0.6,False,0.6,0.6077488218800935,1.0,0.856,0.0330875495421083,809.5723325000145
e4,heloc,retained_logistic_regression,countercontex,17,0.6,False,0.7,0.6077488218800935,0.0,0.856,0.0330875495421083,809.5723325000145
e4,heloc,retained_logistic_regression,countercontex,17,0.6,False,0.8,0.6077488218800935,0.0,0.856,0.0330875495421083,809.5723325000145
e4,heloc,retained_logistic_regression,countercontex,17,0.6,False,0.9,0.6077488218800935,0.0,0.856,0.0330875495421083,809.5723325000145
e4,heloc,retained_logistic_regression,countercontex,42,0.6,False,0.5,0.6077488218800935,1.0,0.856,0.0330875495421083,758.1110952289309
e4,heloc,retained_logistic_regression,countercontex,42,0.6,False,0.6,0.6077488218800935,1.0,0.856,0.0330875495421083,758.1110952289309
e4,heloc,retained_logistic_regression,countercontex,42,0.6,False,0.7,0.6077488218800935,0.0,0.856,0.0330875495421083,758.1110952289309
e4,heloc,retained_logistic_regression,countercontex,42,0.6,False,0.8,0.6077488218800935,0.0,0.856,0.0330875495421083,758.1110952289309
e4,heloc,retained_logistic_regression,countercontex,42,0.6,False,0.9,0.6077488218800935,0.0,0.856,0.0330875495421083,758.1110952289309
e4,heloc,retained_logistic_regression,countercontex,101,0.6,False,0.5,0.6077488218800935,1.0,0.856,0.0330875495421083,705.6780706910067
e4,heloc,retained_logistic_regression,countercontex,101,0.6,False,0.6,0.6077488218800935,1.0,0.856,0.0330875495421083,705.6780706910067
e4,heloc,retained_logistic_regression,countercontex,101,0.6,False,0.7,0.6077488218800935,0.0,0.856,0.0330875495421083,705.6780706910067
e4,heloc,retained_logistic_regression,countercontex,101,0.6,False,0.8,0.6077488218800935,0.0,0.856,0.0330875495421083,705.6780706910067
e4,heloc,retained_logistic_regression,countercontex,101,0.6,False,0.9,0.6077488218800935,0.0,0.856,0.0330875495421083,705.6780706910067
e4,heloc,retained_logistic_regression,countercontex,202,0.6,False,0.5,0.6077488218800935,1.0,0.856,0.0330875495421083,717.6774497749866
e4,heloc,retained_logistic_regression,countercontex,202,0.6,False,0.6,0.6077488218800935,1.0,0.856,0.0330875495421083,717.6774497749866
e4,heloc,retained_logistic_regression,countercontex,202,0.6,False,0.7,0.6077488218800935,0.0,0.856,0.0330875495421083,717.6774497749866
e4,heloc,retained_logistic_regression,countercontex,202,0.6,False,0.8,0.6077488218800935,0.0,0.856,0.0330875495421083,717.6774497749866
e4,heloc,retained_logistic_regression,countercontex,202,0.6,False,0.9,0.6077488218800935,0.0,0.856,0.0330875495421083,717.6774497749866
e4,heloc,retained_logistic_regression,countercontex,303,0.6,False,0.5,0.6077488218800935,1.0,0.856,0.0330875495421083,726.006786196027
e4,heloc,retained_logistic_regression,countercontex,303,0.6,False,0.6,0.6077488218800935,1.0,0.856,0.0330875495421083,726.006786196027
e4,heloc,retained_logistic_regression,countercontex,303,0.6,False,0.7,0.6077488218800935,0.0,0.856,0.0330875495421083,726.006786196027
e4,heloc,retained_logistic_regression,countercontex,303,0.6,False,0.8,0.6077488218800935,0.0,0.856,0.0330875495421083,726.006786196027
e4,heloc,retained_logistic_regression,countercontex,303,0.6,False,0.9,0.6077488218800935,0.0,0.856,0.0330875495421083,726.006786196027
e4,heloc,retained_logistic_regression,countercontex,17,0.6,True,0.5,0.6073092444270842,1.0,0.968,0.019093132772266416,1299.2137004889664
e4,heloc,retained_logistic_regression,countercontex,17,0.6,True,0.6,0.6073092444270842,1.0,0.968,0.019093132772266416,1299.2137004889664
e4,heloc,retained_logistic_regression,countercontex,17,0.6,True,0.7,0.6073092444270842,0.0,0.968,0.019093132772266416,1299.2137004889664
e4,heloc,retained_logistic_regression,countercontex,17,0.6,True,0.8,0.6073092444270842,0.0,0.968,0.019093132772266416,1299.2137004889664
e4,heloc,retained_logistic_regression,countercontex,17,0.6,True,0.9,0.6073092444270842,0.0,0.968,0.019093132772266416,1299.2137004889664
e4,heloc,retained_logistic_regression,countercontex,42,0.6,True,0.5,0.6073092444270842,1.0,0.968,0.019093132772266416,1281.7704479430104
e4,heloc,retained_logistic_regression,countercontex,42,0.6,True,0.6,0.6073092444270842,1.0,0.968,0.019093132772266416,1281.7704479430104
e4,heloc,retained_logistic_regression,countercontex,42,0.6,True,0.7,0.6073092444270842,0.0,0.968,0.019093132772266416,1281.7704479430104
e4,heloc,retained_logistic_regression,countercontex,42,0.6,True,0.8,0.6073092444270842,0.0,0.968,0.019093132772266416,1281.7704479430104
e4,heloc,retained_logistic_regression,countercontex,42,0.6,True,0.9,0.6073092444270842,0.0,0.968,0.019093132772266416,1281.7704479430104
e4,heloc,retained_logistic_regression,countercontex,101,0.6,True,0.5,0.6073092444270842,1.0,0.968,0.019093132772266416,1298.8457834110595
e4,heloc,retained_logistic_regression,countercontex,101,0.6,True,0.6,0.6073092444270842,1.0,0.968,0.019093132772266416,1298.8457834110595
e4,heloc,retained_logistic_regression,countercontex,101,0.6,True,0.7,0.6073092444270842,0.0,0.968,0.019093132772266416,1298.8457834110595
e4,heloc,retained_logistic_regression,countercontex,101,0.6,True,0.8,0.6073092444270842,0.0,0.968,0.019093132772266416,1298.8457834110595
e4,heloc,retained_logistic_regression,countercontex,101,0.6,True,0.9,0.6073092444270842,0.0,0.968,0.019093132772266416,1298.8457834110595
e4,heloc,retained_logistic_regression,countercontex,202,0.6,True,0.5,0.6073092444270842,1.0,0.968,0.019093132772266416,1338.7892384210718
e4,heloc,retained_logistic_regression,countercontex,202,0.6,True,0.6,0.6073092444270842,1.0,0.968,0.019093132772266416,1338.7892384210718
e4,heloc,retained_logistic_regression,countercontex,202,0.6,True,0.7,0.6073092444270842,0.0,0.968,0.019093132772266416,1338.7892384210718
e4,heloc,retained_logistic_regression,countercontex,202,0.6,True,0.8,0.6073092444270842,0.0,0.968,0.019093132772266416,1338.7892384210718
e4,heloc,retained_logistic_regression,countercontex,202,0.6,True,0.9,0.6073092444270842,0.0,0.968,0.019093132772266416,1338.7892384210718
e4,heloc,retained_logistic_regression,countercontex,303,0.6,True,0.5,0.6073092444270842,1.0,0.968,0.019093132772266416,1309.3055209820159
e4,heloc,retained_logistic_regression,countercontex,303,0.6,True,0.6,0.6073092444270842,1.0,0.968,0.019093132772266416,1309.3055209820159
e4,heloc,retained_logistic_regression,countercontex,303,0.6,True,0.7,0.6073092444270842,0.0,0.968,0.019093132772266416,1309.3055209820159
e4,heloc,retained_logistic_regression,countercontex,303,0.6,True,0.8,0.6073092444270842,0.0,0.968,0.019093132772266416,1309.3055209820159
e4,heloc,retained_logistic_regression,countercontex,303,0.6,True,0.9,0.6073092444270842,0.0,0.968,0.019093132772266416,1309.3055209820159
e4,heloc,retained_logistic_regression,countercontex,17,0.7,False,0.5,0.7056004069056326,1.0,0.648,0.049087301199086976,1115.8770138209802
e4,heloc,retained_logistic_regression,countercontex,17,0.7,False,0.6,0.7056004069056326,1.0,0.648,0.049087301199086976,1115.8770138209802
e4,heloc,retained_logistic_regression,countercontex,17,0.7,False,0.7,0.7056004069056326,1.0,0.648,0.049087301199086976,1115.8770138209802
e4,heloc,retained_logistic_regression,countercontex,17,0.7,False,0.8,0.7056004069056326,0.0,0.648,0.049087301199086976,1115.8770138209802
e4,heloc,retained_logistic_regression,countercontex,17,0.7,False,0.9,0.7056004069056326,0.0,0.648,0.049087301199086976,1115.8770138209802
e4,heloc,retained_logistic_regression,countercontex,42,0.7,False,0.5,0.7056004069056326,1.0,0.648,0.049087301199086976,1120.941222161986
e4,heloc,retained_logistic_regression,countercontex,42,0.7,False,0.6,0.7056004069056326,1.0,0.648,0.049087301199086976,1120.941222161986
e4,heloc,retained_logistic_regression,countercontex,42,0.7,False,0.7,0.7056004069056326,1.0,0.648,0.049087301199086976,1120.941222161986
e4,heloc,retained_logistic_regression,countercontex,42,0.7,False,0.8,0.7056004069056326,0.0,0.648,0.049087301199086976,1120.941222161986
e4,heloc,retained_logistic_regression,countercontex,42,0.7,False,0.9,0.7056004069056326,0.0,0.648,0.049087301199086976,1120.941222161986
e4,heloc,retained_logistic_regression,countercontex,101,0.7,False,0.5,0.7056004069056326,1.0,0.648,0.049087301199086976,1218.960245861963
e4,heloc,retained_logistic_regression,countercontex,101,0.7,False,0.6,0.7056004069056326,1.0,0.648,0.049087301199086976,1218.960245861963
e4,heloc,retained_logistic_regression,countercontex,101,0.7,False,0.7,0.7056004069056326,1.0,0.648,0.049087301199086976,1218.960245861963
e4,heloc,retained_logistic_regression,countercontex,101,0.7,False,0.8,0.7056004069056326,0.0,0.648,0.049087301199086976,1218.960245861963
e4,heloc,retained_logistic_regression,countercontex,101,0.7,False,0.9,0.7056004069056326,0.0,0.648,0.049087301199086976,1218.960245861963
e4,heloc,retained_logistic_regression,countercontex,202,0.7,False,0.5,0.7056004069056326,1.0,0.648,0.049087301199086976,1234.3688014040235
e4,heloc,retained_logistic_regression,countercontex,202,0.7,False,0.6,0.7056004069056326,1.0,0.648,0.049087301199086976,1234.3688014040235
e4,heloc,retained_logistic_regression,countercontex,202,0.7,False,0.7,0.7056004069056326,1.0,0.648,0.049087301199086976,1234.3688014040235
e4,heloc,retained_logistic_regression,countercontex,202,0.7,False,0.8,0.7056004069056326,0.0,0.648,0.049087301199086976,1234.3688014040235
e4,heloc,retained_logistic_regression,countercontex,202,0.7,False,0.9,0.7056004069056326,0.0,0.648,0.049087301199086976,1234.3688014040235
e4,heloc,retained_logistic_regression,countercontex,303,0.7,False,0.5,0.7056004069056326,1.0,0.648,0.049087301199086976,1298.7550571610336
e4,heloc,retained_logistic_regression,countercontex,303,0.7,False,0.6,0.7056004069056326,1.0,0.648,0.049087301199086976,1298.7550571610336
e4,heloc,retained_logistic_regression,countercontex,303,0.7,False,0.7,0.7056004069056326,1.0,0.648,0.049087301199086976,1298.7550571610336
e4,heloc,retained_logistic_regression,countercontex,303,0.7,False,0.8,0.7056004069056326,0.0,0.648,0.049087301199086976,1298.7550571610336
e4,heloc,retained_logistic_regression,countercontex,303,0.7,False,0.9,0.7056004069056326,0.0,0.648,0.049087301199086976,1298.7550571610336
e4,heloc,retained_logistic_regression,countercontex,17,0.7,True,0.5,0.7042740690445051,1.0,0.9,0.029226545859938082,2875.7763343629777
e4,heloc,retained_logistic_regression,countercontex,17,0.7,True,0.6,0.7042740690445051,1.0,0.9,0.029226545859938082,2875.7763343629777
e4,heloc,retained_logistic_regression,countercontex,17,0.7,True,0.7,0.7042740690445051,1.0,0.9,0.029226545859938082,2875.7763343629777
e4,heloc,retained_logistic_regression,countercontex,17,0.7,True,0.8,0.7042740690445051,0.0,0.9,0.029226545859938082,2875.7763343629777
e4,heloc,retained_logistic_regression,countercontex,17,0.7,True,0.9,0.7042740690445051,0.0,0.9,0.029226545859938082,2875.7763343629777
e4,heloc,retained_logistic_regression,countercontex,42,0.7,True,0.5,0.7042740690445051,1.0,0.9,0.029226545859938082,2617.5410507289926
e4,heloc,retained_logistic_regression,countercontex,42,0.7,True,0.6,0.7042740690445051,1.0,0.9,0.029226545859938082,2617.5410507289926
e4,heloc,retained_logistic_regression,countercontex,42,0.7,True,0.7,0.7042740690445051,1.0,0.9,0.029226545859938082,2617.5410507289926
e4,heloc,retained_logistic_regression,countercontex,42,0.7,True,0.8,0.7042740690445051,0.0,0.9,0.029226545859938082,2617.5410507289926
e4,heloc,retained_logistic_regression,countercontex,42,0.7,True,0.9,0.7042740690445051,0.0,0.9,0.029226545859938082,2617.5410507289926
e4,heloc,retained_logistic_regression,countercontex,101,0.7,True,0.5,0.7042740690445051,1.0,0.9,0.029226545859938082,2796.852571355994
e4,heloc,retained_logistic_regression,countercontex,101,0.7,True,0.6,0.7042740690445051,1.0,0.9,0.029226545859938082,2796.852571355994
e4,heloc,retained_logistic_regression,countercontex,101,0.7,True,0.7,0.7042740690445051,1.0,0.9,0.029226545859938082,2796.852571355994
e4,heloc,retained_logistic_regression,countercontex,101,0.7,True,0.8,0.7042740690445051,0.0,0.9,0.029226545859938082,2796.852571355994
e4,heloc,retained_logistic_regression,countercontex,101,0.7,True,0.9,0.7042740690445051,0.0,0.9,0.029226545859938082,2796.852571355994
e4,heloc,retained_logistic_regression,countercontex,202,0.7,True,0.5,0.7042740690445051,1.0,0.9,0.029226545859938082,2863.682739626034
e4,heloc,retained_logistic_regression,countercontex,202,0.7,True,0.6,0.7042740690445051,1.0,0.9,0.029226545859938082,2863.682739626034
e4,heloc,retained_logistic_regression,countercontex,202,0.7,True,0.7,0.7042740690445051,1.0,0.9,0.029226545859938082,2863.682739626034
e4,heloc,retained_logistic_regression,countercontex,202,0.7,True,0.8,0.7042740690445051,0.0,0.9,0.029226545859938082,2863.682739626034
e4,heloc,retained_logistic_regression,countercontex,202,0.7,True,0.9,0.7042740690445051,0.0,0.9,0.029226545859938082,2863.682739626034
e4,heloc,retained_logistic_regression,countercontex,303,0.7,True,0.5,0.7042740690445051,1.0,0.9,0.029226545859938082,2647.159790676029
e4,heloc,retained_logistic_regression,countercontex,303,0.7,True,0.6,0.7042740690445051,1.0,0.9,0.029226545859938082,2647.159790676029
e4,heloc,retained_logistic_regression,countercontex,303,0.7,True,0.7,0.7042740690445051,1.0,0.9,0.029226545859938082,2647.159790676029
e4,heloc,retained_logistic_regression,countercontex,303,0.7,True,0.8,0.7042740690445051,0.0,0.9,0.029226545859938082,2647.159790676029
e4,heloc,retained_logistic_regression,countercontex,303,0.7,True,0.9,0.7042740690445051,0.0,0.9,0.029226545859938082,2647.159790676029
e4,heloc,retained_logistic_regression,countercontex,17,0.8,False,0.5,0.8032605739463453,1.0,0.236,0.06362307357945662,1726.3474801479606
e4,heloc,retained_logistic_regression,countercontex,17,0.8,False,0.6,0.8032605739463453,1.0,0.236,0.06362307357945662,1726.3474801479606
e4,heloc,retained_logistic_regression,countercontex,17,0.8,False,0.7,0.8032605739463453,1.0,0.236,0.06362307357945662,1726.3474801479606
e4,heloc,retained_logistic_regression,countercontex,17,0.8,False,0.8,0.8032605739463453,1.0,0.236,0.06362307357945662,1726.3474801479606
e4,heloc,retained_logistic_regression,countercontex,17,0.8,False,0.9,0.8032605739463453,0.0,0.236,0.06362307357945662,1726.3474801479606
e4,heloc,retained_logistic_regression,countercontex,42,0.8,False,0.5,0.8032605739463453,1.0,0.236,0.06362307357945662,1577.075101759052
e4,heloc,retained_logistic_regression,countercontex,42,0.8,False,0.6,0.8032605739463453,1.0,0.236,0.06362307357945662,1577.075101759052
e4,heloc,retained_logistic_regression,countercontex,42,0.8,False,0.7,0.8032605739463453,1.0,0.236,0.06362307357945662,1577.075101759052
e4,heloc,retained_logistic_regression,countercontex,42,0.8,False,0.8,0.8032605739463453,1.0,0.236,0.06362307357945662,1577.075101759052
e4,heloc,retained_logistic_regression,countercontex,42,0.8,False,0.9,0.8032605739463453,0.0,0.236,0.06362307357945662,1577.075101759052
e4,heloc,retained_logistic_regression,countercontex,101,0.8,False,0.5,0.8032605739463453,1.0,0.236,0.06362307357945662,1588.58365173504
e4,heloc,retained_logistic_regression,countercontex,101,0.8,False,0.6,0.8032605739463453,1.0,0.236,0.06362307357945662,1588.58365173504
e4,heloc,retained_logistic_regression,countercontex,101,0.8,False,0.7,0.8032605739463453,1.0,0.236,0.06362307357945662,1588.58365173504
e4,heloc,retained_logistic_regression,countercontex,101,0.8,False,0.8,0.8032605739463453,1.0,0.236,0.06362307357945662,1588.58365173504
e4,heloc,retained_logistic_regression,countercontex,101,0.8,False,0.9,0.8032605739463453,0.0,0.236,0.06362307357945662,1588.58365173504
e4,heloc,retained_logistic_regression,countercontex,202,0.8,False,0.5,0.8032605739463453,1.0,0.236,0.06362307357945662,1546.546772083966
e4,heloc,retained_logistic_regression,countercontex,202,0.8,False,0.6,0.8032605739463453,1.0,0.236,0.06362307357945662,1546.546772083966
e4,heloc,retained_logistic_regression,countercontex,202,0.8,False,0.7,0.8032605739463453,1.0,0.236,0.06362307357945662,1546.546772083966
e4,heloc,retained_logistic_regression,countercontex,202,0.8,False,0.8,0.8032605739463453,1.0,0.236,0.06362307357945662,1546.546772083966
e4,heloc,retained_logistic_regression,countercontex,202,0.8,False,0.9,0.8032605739463453,0.0,0.236,0.06362307357945662,1546.546772083966
e4,heloc,retained_logistic_regression,countercontex,303,0.8,False,0.5,0.8032605739463453,1.0,0.236,0.06362307357945662,1575.3787971870624
e4,heloc,retained_logistic_regression,countercontex,303,0.8,False,0.6,0.8032605739463453,1.0,0.236,0.06362307357945662,1575.3787971870624
e4,heloc,retained_logistic_regression,countercontex,303,0.8,False,0.7,0.8032605739463453,1.0,0.236,0.06362307357945662,1575.3787971870624
e4,heloc,retained_logistic_regression,countercontex,303,0.8,False,0.8,0.8032605739463453,1.0,0.236,0.06362307357945662,1575.3787971870624
e4,heloc,retained_logistic_regression,countercontex,303,0.8,False,0.9,0.8032605739463453,0.0,0.236,0.06362307357945662,1575.3787971870624
e4,heloc,retained_logistic_regression,countercontex,17,0.8,True,0.5,0.8021623591404379,1.0,0.704,0.04644702640688783,4691.713269897969
e4,heloc,retained_logistic_regression,countercontex,17,0.8,True,0.6,0.8021623591404379,1.0,0.704,0.04644702640688783,4691.713269897969
e4,heloc,retained_logistic_regression,countercontex,17,0.8,True,0.7,0.8021623591404379,1.0,0.704,0.04644702640688783,4691.713269897969
e4,heloc,retained_logistic_regression,countercontex,17,0.8,True,0.8,0.8021623591404379,1.0,0.704,0.04644702640688783,4691.713269897969
e4,heloc,retained_logistic_regression,countercontex,17,0.8,True,0.9,0.8021623591404379,0.0,0.704,0.04644702640688783,4691.713269897969
e4,heloc,retained_logistic_regression,countercontex,42,0.8,True,0.5,0.8021623591404379,1.0,0.704,0.04644702640688783,4661.1652890910045
e4,heloc,retained_logistic_regression,countercontex,42,0.8,True,0.6,0.8021623591404379,1.0,0.704,0.04644702640688783,4661.1652890910045
e4,heloc,retained_logistic_regression,countercontex,42,0.8,True,0.7,0.8021623591404379,1.0,0.704,0.04644702640688783,4661.1652890910045
e4,heloc,retained_logistic_regression,countercontex,42,0.8,True,0.8,0.8021623591404379,1.0,0.704,0.04644702640688783,4661.1652890910045
e4,heloc,retained_logistic_regression,countercontex,42,0.8,True,0.9,0.8021623591404379,0.0,0.704,0.04644702640688783,4661.1652890910045
e4,heloc,retained_logistic_regression,countercontex,101,0.8,True,0.5,0.8021623591404379,1.0,0.704,0.04644702640688783,4779.053714197013
e4,heloc,retained_logistic_regression,countercontex,101,0.8,True,0.6,0.8021623591404379,1.0,0.704,0.04644702640688783,4779.053714197013
e4,heloc,retained_logistic_regression,countercontex,101,0.8,True,0.7,0.8021623591404379,1.0,0.704,0.04644702640688783,4779.053714197013
e4,heloc,retained_logistic_regression,countercontex,101,0.8,True,0.8,0.8021623591404379,1.0,0.704,0.04644702640688783,4779.053714197013
e4,heloc,retained_logistic_regression,countercontex,101,0.8,True,0.9,0.8021623591404379,0.0,0.704,0.04644702640688783,4779.053714197013
e4,heloc,retained_logistic_regression,countercontex,202,0.8,True,0.5,0.8021623591404379,1.0,0.704,0.04644702640688783,4856.718954939977
e4,heloc,retained_logistic_regression,countercontex,202,0.8,True,0.6,0.8021623591404379,1.0,0.704,0.04644702640688783,4856.718954939977
e4,heloc,retained_logistic_regression,countercontex,202,0.8,True,0.7,0.8021623591404379,1.0,0.704,0.04644702640688783,4856.718954939977
e4,heloc,retained_logistic_regression,countercontex,202,0.8,True,0.8,0.8021623591404379,1.0,0.704,0.04644702640688783,4856.718954939977
e4,heloc,retained_logistic_regression,countercontex,202,0.8,True,0.9,0.8021623591404379,0.0,0.704,0.04644702640688783,4856.718954939977
e4,heloc,retained_logistic_regression,countercontex,303,0.8,True,0.5,0.8021623591404379,1.0,0.704,0.04644702640688783,4869.294893784041
e4,heloc,retained_logistic_regression,countercontex,303,0.8,True,0.6,0.8021623591404379,1.0,0.704,0.04644702640688783,4869.294893784041
e4,heloc,retained_logistic_regression,countercontex,303,0.8,True,0.7,0.8021623591404379,1.0,0.704,0.04644702640688783,4869.294893784041
e4,heloc,retained_logistic_regression,countercontex,303,0.8,True,0.8,0.8021623591404379,1.0,0.704,0.04644702640688783,4869.294893784041
e4,heloc,retained_logistic_regression,countercontex,303,0.8,True,0.9,0.8021623591404379,0.0,0.704,0.04644702640688783,4869.294893784041
e4,heloc,retained_logistic_regression,countercontex,17,0.9,False,0.5,0.9016888625054994,1.0,0.024,0.08044304094695744,1793.7821366770659
e4,heloc,retained_logistic_regression,countercontex,17,0.9,False,0.6,0.9016888625054994,1.0,0.024,0.08044304094695744,1793.7821366770659
e4,heloc,retained_logistic_regression,countercontex,17,0.9,False,0.7,0.9016888625054994,1.0,0.024,0.08044304094695744,1793.7821366770659
e4,heloc,retained_logistic_regression,countercontex,17,0.9,False,0.8,0.9016888625054994,1.0,0.024,0.08044304094695744,1793.7821366770659
e4,heloc,retained_logistic_regression,countercontex,17,0.9,False,0.9,0.9016888625054994,1.0,0.024,0.08044304094695744,1793.7821366770659
e4,heloc,retained_logistic_regression,countercontex,42,0.9,False,0.5,0.9016888625054994,1.0,0.024,0.08044304094695744,1958.0824071809766
e4,heloc,retained_logistic_regression,countercontex,42,0.9,False,0.6,0.9016888625054994,1.0,0.024,0.08044304094695744,1958.0824071809766
e4,heloc,retained_logistic_regression,countercontex,42,0.9,False,0.7,0.9016888625054994,1.0,0.024,0.08044304094695744,1958.0824071809766
e4,heloc,retained_logistic_regression,countercontex,42,0.9,False,0.8,0.9016888625054994,1.0,0.024,0.08044304094695744,1958.0824071809766
e4,heloc,retained_logistic_regression,countercontex,42,0.9,False,0.9,0.9016888625054994,1.0,0.024,0.08044304094695744,1958.0824071809766
e4,heloc,retained_logistic_regression,countercontex,101,0.9,False,0.5,0.9016888625054994,1.0,0.024,0.08044304094695744,1784.8239019790199
e4,heloc,retained_logistic_regression,countercontex,101,0.9,False,0.6,0.9016888625054994,1.0,0.024,0.08044304094695744,1784.8239019790199
e4,heloc,retained_logistic_regression,countercontex,101,0.9,False,0.7,0.9016888625054994,1.0,0.024,0.08044304094695744,1784.8239019790199
e4,heloc,retained_logistic_regression,countercontex,101,0.9,False,0.8,0.9016888625054994,1.0,0.024,0.08044304094695744,1784.8239019790199
e4,heloc,retained_logistic_regression,countercontex,101,0.9,False,0.9,0.9016888625054994,1.0,0.024,0.08044304094695744,1784.8239019790199
e4,heloc,retained_logistic_regression,countercontex,202,0.9,False,0.5,0.9016888625054994,1.0,0.024,0.08044304094695744,1944.0090531010064
e4,heloc,retained_logistic_regression,countercontex,202,0.9,False,0.6,0.9016888625054994,1.0,0.024,0.08044304094695744,1944.0090531010064
e4,heloc,retained_logistic_regression,countercontex,202,0.9,False,0.7,0.9016888625054994,1.0,0.024,0.08044304094695744,1944.0090531010064
e4,heloc,retained_logistic_regression,countercontex,202,0.9,False,0.8,0.9016888625054994,1.0,0.024,0.08044304094695744,1944.0090531010064
e4,heloc,retained_logistic_regression,countercontex,202,0.9,False,0.9,0.9016888625054994,1.0,0.024,0.08044304094695744,1944.0090531010064
e4,heloc,retained_logistic_regression,countercontex,303,0.9,False,0.5,0.9016888625054994,1.0,0.024,0.08044304094695744,1921.830263738986
e4,heloc,retained_logistic_regression,countercontex,303,0.9,False,0.6,0.9016888625054994,1.0,0.024,0.08044304094695744,1921.830263738986
e4,heloc,retained_logistic_regression,countercontex,303,0.9,False,0.7,0.9016888625054994,1.0,0.024,0.08044304094695744,1921.830263738986
e4,heloc,retained_logistic_regression,countercontex,303,0.9,False,0.8,0.9016888625054994,1.0,0.024,0.08044304094695744,1921.830263738986
e4,heloc,retained_logistic_regression,countercontex,303,0.9,False,0.9,0.9016888625054994,1.0,0.024,0.08044304094695744,1921.830263738986
e4,heloc,retained_logistic_regression,countercontex,17,0.9,True,0.5,0.9010097788647415,1.0,0.188,0.08189576932820977,8825.933422400965
e4,heloc,retained_logistic_regression,countercontex,17,0.9,True,0.6,0.9010097788647415,1.0,0.188,0.08189576932820977,8825.933422400965
e4,heloc,retained_logistic_regression,countercontex,17,0.9,True,0.7,0.9010097788647415,1.0,0.188,0.08189576932820977,8825.933422400965
e4,heloc,retained_logistic_regression,countercontex,17,0.9,True,0.8,0.9010097788647415,1.0,0.188,0.08189576932820977,8825.933422400965
e4,heloc,retained_logistic_regression,countercontex,17,0.9,True,0.9,0.9010097788647415,1.0,0.188,0.08189576932820977,8825.933422400965
e4,heloc,retained_logistic_regression,countercontex,42,0.9,True,0.5,0.9010097788647415,1.0,0.188,0.08189576932820977,8782.171512612957
e4,heloc,retained_logistic_regression,countercontex,42,0.9,True,0.6,0.9010097788647415,1.0,0.188,0.08189576932820977,8782.171512612957
e4,heloc,retained_logistic_regression,countercontex,42,0.9,True,0.7,0.9010097788647415,1.0,0.188,0.08189576932820977,8782.171512612957
e4,heloc,retained_logistic_regression,countercontex,42,0.9,True,0.8,0.9010097788647415,1.0,0.188,0.08189576932820977,8782.171512612957
e4,heloc,retained_logistic_regression,countercontex,42,0.9,True,0.9,0.9010097788647415,1.0,0.188,0.08189576932820977,8782.171512612957
e4,heloc,retained_logistic_regression,countercontex,101,0.9,True,0.5,0.9010097788647415,1.0,0.188,0.08189576932820977,9239.275765347993
e4,heloc,retained_logistic_regression,countercontex,101,0.9,True,0.6,0.9010097788647415,1.0,0.188,0.08189576932820977,9239.275765347993
e4,heloc,retained_logistic_regression,countercontex,101,0.9,True,0.7,0.9010097788647415,1.0,0.188,0.08189576932820977,9239.275765347993
e4,heloc,retained_logistic_regression,countercontex,101,0.9,True,0.8,0.9010097788647415,1.0,0.188,0.08189576932820977,9239.275765347993
e4,heloc,retained_logistic_regression,countercontex,101,0.9,True,0.9,0.9010097788647415,1.0,0.188,0.08189576932820977,9239.275765347993
e4,heloc,retained_logistic_regression,countercontex,202,0.9,True,0.5,0.9010097788647415,1.0,0.188,0.08189576932820977,8977.00382163201
e4,heloc,retained_logistic_regression,countercontex,202,0.9,True,0.6,0.9010097788647415,1.0,0.188,0.08189576932820977,8977.00382163201
e4,heloc,retained_logistic_regression,countercontex,202,0.9,True,0.7,0.9010097788647415,1.0,0.188,0.08189576932820977,8977.00382163201
e4,heloc,retained_logistic_regression,countercontex,202,0.9,True,0.8,0.9010097788647415,1.0,0.188,0.08189576932820977,8977.00382163201
e4,heloc,retained_logistic_regression,countercontex,202,0.9,True,0.9,0.9010097788647415,1.0,0.188,0.08189576932820977,8977.00382163201
e4,heloc,retained_logistic_regression,countercontex,303,0.9,True,0.5,0.9010097788647415,1.0,0.188,0.08189576932820977,9063.009635727038
e4,heloc,retained_logistic_regression,countercontex,303,0.9,True,0.6,0.9010097788647415,1.0,0.188,0.08189576932820977,9063.009635727038
e4,heloc,retained_logistic_regression,countercontex,303,0.9,True,0.7,0.9010097788647415,1.0,0.188,0.08189576932820977,9063.009635727038
e4,heloc,retained_logistic_regression,countercontex,303,0.9,True,0.8,0.9010097788647415,1.0,0.188,0.08189576932820977,9063.009635727038
e4,heloc,retained_logistic_regression,countercontex,303,0.9,True,0.9,0.9010097788647415,1.0,0.188,0.08189576932820977,9063.009635727038
e4,bank_marketing,retained_logistic_regression,countercontex,17,0.5,False,0.5,0.6159487439630593,1.0,1.0,0.037188325634083044,159.35153126699151
e4,bank_marketing,retained_logistic_regression,countercontex,17,0.5,False,0.6,0.6159487439630593,0.448,1.0,0.037188325634083044,159.35153126699151
e4,bank_marketing,retained_logistic_regression,countercontex,17,0.5,False,0.7,0.6159487439630593,0.168,1.0,0.037188325634083044,159.35153126699151
e4,bank_marketing,retained_logistic_regression,countercontex,17,0.5,False,0.8,0.6159487439630593,0.068,1.0,0.037188325634083044,159.35153126699151
e4,bank_marketing,retained_logistic_regression,countercontex,17,0.5,False,0.9,0.6159487439630593,0.016,1.0,0.037188325634083044,159.35153126699151
e4,bank_marketing,retained_logistic_regression,countercontex,42,0.5,False,0.5,0.6159487439630593,1.0,1.0,0.037188325634083044,147.88043636700604
e4,bank_marketing,retained_logistic_regression,countercontex,42,0.5,False,0.6,0.6159487439630593,0.448,1.0,0.037188325634083044,147.88043636700604
e4,bank_marketing,retained_logistic_regression,countercontex,42,0.5,False,0.7,0.6159487439630593,0.168,1.0,0.037188325634083044,147.88043636700604
e4,bank_marketing,retained_logistic_regression,countercontex,42,0.5,False,0.8,0.6159487439630593,0.068,1.0,0.037188325634083044,147.88043636700604
e4,bank_marketing,retained_logistic_regression,countercontex,42,0.5,False,0.9,0.6159487439630593,0.016,1.0,0.037188325634083044,147.88043636700604
e4,bank_marketing,retained_logistic_regression,countercontex,101,0.5,False,0.5,0.6159487439630593,1.0,1.0,0.037188325634083044,137.70225835999008
e4,bank_marketing,retained_logistic_regression,countercontex,101,0.5,False,0.6,0.6159487439630593,0.448,1.0,0.037188325634083044,137.70225835999008
e4,bank_marketing,retained_logistic_regression,countercontex,101,0.5,False,0.7,0.6159487439630593,0.168,1.0,0.037188325634083044,137.70225835999008
e4,bank_marketing,retained_logistic_regression,countercontex,101,0.5,False,0.8,0.6159487439630593,0.068,1.0,0.037188325634083044,137.70225835999008
e4,bank_marketing,retained_logistic_regression,countercontex,101,0.5,False,0.9,0.6159487439630593,0.016,1.0,0.037188325634083044,137.70225835999008
e4,bank_marketing,retained_logistic_regression,countercontex,202,0.5,False,0.5,0.6159487439630593,1.0,1.0,0.037188325634083044,139.50776128203142
e4,bank_marketing,retained_logistic_regression,countercontex,202,0.5,False,0.6,0.6159487439630593,0.448,1.0,0.037188325634083044,139.50776128203142
e4,bank_marketing,retained_logistic_regression,countercontex,202,0.5,False,0.7,0.6159487439630593,0.168,1.0,0.037188325634083044,139.50776128203142
e4,bank_marketing,retained_logistic_regression,countercontex,202,0.5,False,0.8,0.6159487439630593,0.068,1.0,0.037188325634083044,139.50776128203142
e4,bank_marketing,retained_logistic_regression,countercontex,202,0.5,False,0.9,0.6159487439630593,0.016,1.0,0.037188325634083044,139.50776128203142
e4,bank_marketing,retained_logistic_regression,countercontex,303,0.5,False,0.5,0.6159487439630593,1.0,1.0,0.037188325634083044,145.57296890002908
e4,bank_marketing,retained_logistic_regression,countercontex,303,0.5,False,0.6,0.6159487439630593,0.448,1.0,0.037188325634083044,145.57296890002908
e4,bank_marketing,retained_logistic_regression,countercontex,303,0.5,False,0.7,0.6159487439630593,0.168,1.0,0.037188325634083044,145.57296890002908
e4,bank_marketing,retained_logistic_regression,countercontex,303,0.5,False,0.8,0.6159487439630593,0.068,1.0,0.037188325634083044,145.57296890002908
e4,bank_marketing,retained_logistic_regression,countercontex,303,0.5,False,0.9,0.6159487439630593,0.016,1.0,0.037188325634083044,145.57296890002908
e4,bank_marketing,retained_logistic_regression,countercontex,17,0.5,True,0.5,0.5497469376888476,1.0,0.992,0.036266079276399375,398.0282649539877
e4,bank_marketing,retained_logistic_regression,countercontex,17,0.5,True,0.6,0.5497469376888476,0.14516129032258066,0.992,0.036266079276399375,398.0282649539877
e4,bank_marketing,retained_logistic_regression,countercontex,17,0.5,True,0.7,0.5497469376888476,0.07258064516129033,0.992,0.036266079276399375,398.0282649539877
e4,bank_marketing,retained_logistic_regression,countercontex,17,0.5,True,0.8,0.5497469376888476,0.03225806451612903,0.992,0.036266079276399375,398.0282649539877
e4,bank_marketing,retained_logistic_regression,countercontex,17,0.5,True,0.9,0.5497469376888476,0.004032258064516129,0.992,0.036266079276399375,398.0282649539877
e4,bank_marketing,retained_logistic_regression,countercontex,42,0.5,True,0.5,0.5497469376888476,1.0,0.992,0.036266079276399375,412.1285914290347
e4,bank_marketing,retained_logistic_regression,countercontex,42,0.5,True,0.6,0.5497469376888476,0.14516129032258066,0.992,0.036266079276399375,412.1285914290347
e4,bank_marketing,retained_logistic_regression,countercontex,42,0.5,True,0.7,0.5497469376888476,0.07258064516129033,0.992,0.036266079276399375,412.1285914290347
e4,bank_marketing,retained_logistic_regression,countercontex,42,0.5,True,0.8,0.5497469376888476,0.03225806451612903,0.992,0.036266079276399375,412.1285914290347
e4,bank_marketing,retained_logistic_regression,countercontex,42,0.5,True,0.9,0.5497469376888476,0.004032258064516129,0.992,0.036266079276399375,412.1285914290347
e4,bank_marketing,retained_logistic_regression,countercontex,101,0.5,True,0.5,0.5497469376888476,1.0,0.992,0.036266079276399375,426.6770726580289
e4,bank_marketing,retained_logistic_regression,countercontex,101,0.5,True,0.6,0.5497469376888476,0.14516129032258066,0.992,0.036266079276399375,426.6770726580289
e4,bank_marketing,retained_logistic_regression,countercontex,101,0.5,True,0.7,0.5497469376888476,0.07258064516129033,0.992,0.036266079276399375,426.6770726580289
e4,bank_marketing,retained_logistic_regression,countercontex,101,0.5,True,0.8,0.5497469376888476,0.03225806451612903,0.992,0.036266079276399375,426.6770726580289
e4,bank_marketing,retained_logistic_regression,countercontex,101,0.5,True,0.9,0.5497469376888476,0.004032258064516129,0.992,0.036266079276399375,426.6770726580289
e4,bank_marketing,retained_logistic_regression,countercontex,202,0.5,True,0.5,0.5497469376888476,1.0,0.992,0.036266079276399375,361.56958778196713
e4,bank_marketing,retained_logistic_regression,countercontex,202,0.5,True,0.6,0.5497469376888476,0.14516129032258066,0.992,0.036266079276399375,361.56958778196713
e4,bank_marketing,retained_logistic_regression,countercontex,202,0.5,True,0.7,0.5497469376888476,0.07258064516129033,0.992,0.036266079276399375,361.56958778196713
e4,bank_marketing,retained_logistic_regression,countercontex,202,0.5,True,0.8,0.5497469376888476,0.03225806451612903,0.992,0.036266079276399375,361.56958778196713
e4,bank_marketing,retained_logistic_regression,countercontex,202,0.5,True,0.9,0.5497469376888476,0.004032258064516129,0.992,0.036266079276399375,361.56958778196713
e4,bank_marketing,retained_logistic_regression,countercontex,303,0.5,True,0.5,0.5497469376888476,1.0,0.992,0.036266079276399375,376.12322446500184
e4,bank_marketing,retained_logistic_regression,countercontex,303,0.5,True,0.6,0.5497469376888476,0.14516129032258066,0.992,0.036266079276399375,376.12322446500184
e4,bank_marketing,retained_logistic_regression,countercontex,303,0.5,True,0.7,0.5497469376888476,0.07258064516129033,0.992,0.036266079276399375,376.12322446500184
e4,bank_marketing,retained_logistic_regression,countercontex,303,0.5,True,0.8,0.5497469376888476,0.03225806451612903,0.992,0.036266079276399375,376.12322446500184
e4,bank_marketing,retained_logistic_regression,countercontex,303,0.5,True,0.9,0.5497469376888476,0.004032258064516129,0.992,0.036266079276399375,376.12322446500184
e4,bank_marketing,retained_logistic_regression,countercontex,17,0.6,False,0.5,0.7063042973928796,1.0,0.996,0.04432477965582128,150.79580543498741
e4,bank_marketing,retained_logistic_regression,countercontex,17,0.6,False,0.6,0.7063042973928796,1.0,0.996,0.04432477965582128,150.79580543498741
e4,bank_marketing,retained_logistic_regression,countercontex,17,0.6,False,0.7,0.7063042973928796,0.4497991967871486,0.996,0.04432477965582128,150.79580543498741
e4,bank_marketing,retained_logistic_regression,countercontex,17,0.6,False,0.8,0.7063042973928796,0.15261044176706828,0.996,0.04432477965582128,150.79580543498741
e4,bank_marketing,retained_logistic_regression,countercontex,17,0.6,False,0.9,0.7063042973928796,0.01606425702811245,0.996,0.04432477965582128,150.79580543498741
e4,bank_marketing,retained_logistic_regression,countercontex,42,0.6,False,0.5,0.7063042973928796,1.0,0.996,0.04432477965582128,152.0677448020433
e4,bank_marketing,retained_logistic_regression,countercontex,42,0.6,False,0.6,0.7063042973928796,1.0,0.996,0.04432477965582128,152.0677448020433
e4,bank_marketing,retained_logistic_regression,countercontex,42,0.6,False,0.7,0.7063042973928796,0.4497991967871486,0.996,0.04432477965582128,152.0677448020433
e4,bank_marketing,retained_logistic_regression,countercontex,42,0.6,False,0.8,0.7063042973928796,0.15261044176706828,0.996,0.04432477965582128,152.0677448020433
e4,bank_marketing,retained_logistic_regression,countercontex,42,0.6,False,0.9,0.7063042973928796,0.01606425702811245,0.996,0.04432477965582128,152.0677448020433
e4,bank_marketing,retained_logistic_regression,countercontex,101,0.6,False,0.5,0.7063042973928796,1.0,0.996,0.04432477965582128,149.9858266999945
e4,bank_marketing,retained_logistic_regression,countercontex,101,0.6,False,0.6,0.7063042973928796,1.0,0.996,0.04432477965582128,149.9858266999945
e4,bank_marketing,retained_logistic_regression,countercontex,101,0.6,False,0.7,0.7063042973928796,0.4497991967871486,0.996,0.04432477965582128,149.9858266999945
e4,bank_marketing,retained_logistic_regression,countercontex,101,0.6,False,0.8,0.7063042973928796,0.15261044176706828,0.996,0.04432477965582128,149.9858266999945
e4,bank_marketing,retained_logistic_regression,countercontex,101,0.6,False,0.9,0.7063042973928796,0.01606425702811245,0.996,0.04432477965582128,149.9858266999945
e4,bank_marketing,retained_logistic_regression,countercontex,202,0.6,False,0.5,0.7063042973928796,1.0,0.996,0.04432477965582128,157.43203820096096
e4,bank_marketing,retained_logistic_regression,countercontex,202,0.6,False,0.6,0.7063042973928796,1.0,0.996,0.04432477965582128,157.43203820096096
e4,bank_marketing,retained_logistic_regression,countercontex,202,0.6,False,0.7,0.7063042973928796,0.4497991967871486,0.996,0.04432477965582128,157.43203820096096
e4,bank_marketing,retained_logistic_regression,countercontex,202,0.6,False,0.8,0.7063042973928796,0.15261044176706828,0.996,0.04432477965582128,157.43203820096096
e4,bank_marketing,retained_logistic_regression,countercontex,202,0.6,False,0.9,0.7063042973928796,0.01606425702811245,0.996,0.04432477965582128,157.43203820096096
e4,bank_marketing,retained_logistic_regression,countercontex,303,0.6,False,0.5,0.7063042973928796,1.0,0.996,0.04432477965582128,160.8240094719804
e4,bank_marketing,retained_logistic_regression,countercontex,303,0.6,False,0.6,0.7063042973928796,1.0,0.996,0.04432477965582128,160.8240094719804
e4,bank_marketing,retained_logistic_regression,countercontex,303,0.6,False,0.7,0.7063042973928796,0.4497991967871486,0.996,0.04432477965582128,160.8240094719804
e4,bank_marketing,retained_logistic_regression,countercontex,303,0.6,False,0.8,0.7063042973928796,0.15261044176706828,0.996,0.04432477965582128,160.8240094719804
e4,bank_marketing,retained_logistic_regression,countercontex,303,0.6,False,0.9,0.7063042973928796,0.01606425702811245,0.996,0.04432477965582128,160.8240094719804
e4,bank_marketing,retained_logistic_regression,countercontex,17,0.6,True,0.5,0.6398787910562462,1.0,0.984,0.037739070478580994,380.60798969399184
e4,bank_marketing,retained_logistic_regression,countercontex,17,0.6,True,0.6,0.6398787910562462,1.0,0.984,0.037739070478580994,380.60798969399184
e4,bank_marketing,retained_logistic_regression,countercontex,17,0.6,True,0.7,0.6398787910562462,0.10975609756097561,0.984,0.037739070478580994,380.60798969399184
e4,bank_marketing,retained_logistic_regression,countercontex,17,0.6,True,0.8,0.6398787910562462,0.04065040650406504,0.984,0.037739070478580994,380.60798969399184
e4,bank_marketing,retained_logistic_regression,countercontex,17,0.6,True,0.9,0.6398787910562462,0.0040650406504065045,0.984,0.037739070478580994,380.60798969399184
e4,bank_marketing,retained_logistic_regression,countercontex,42,0.6,True,0.5,0.6398787910562462,1.0,0.984,0.037739070478580994,372.48034466797253
e4,bank_marketing,retained_logistic_regression,countercontex,42,0.6,True,0.6,0.6398787910562462,1.0,0.984,0.037739070478580994,372.48034466797253
e4,bank_marketing,retained_logistic_regression,countercontex,42,0.6,True,0.7,0.6398787910562462,0.10975609756097561,0.984,0.037739070478580994,372.48034466797253
e4,bank_marketing,retained_logistic_regression,countercontex,42,0.6,True,0.8,0.6398787910562462,0.04065040650406504,0.984,0.037739070478580994,372.48034466797253
e4,bank_marketing,retained_logistic_regression,countercontex,42,0.6,True,0.9,0.6398787910562462,0.0040650406504065045,0.984,0.037739070478580994,372.48034466797253
e4,bank_marketing,retained_logistic_regression,countercontex,101,0.6,True,0.5,0.6398787910562462,1.0,0.984,0.037739070478580994,367.7341675950447
e4,bank_marketing,retained_logistic_regression,countercontex,101,0.6,True,0.6,0.6398787910562462,1.0,0.984,0.037739070478580994,367.7341675950447
e4,bank_marketing,retained_logistic_regression,countercontex,101,0.6,True,0.7,0.6398787910562462,0.10975609756097561,0.984,0.037739070478580994,367.7341675950447
e4,bank_marketing,retained_logistic_regression,countercontex,101,0.6,True,0.8,0.6398787910562462,0.04065040650406504,0.984,0.037739070478580994,367.7341675950447
e4,bank_marketing,retained_logistic_regression,countercontex,101,0.6,True,0.9,0.6398787910562462,0.0040650406504065045,0.984,0.037739070478580994,367.7341675950447
e4,bank_marketing,retained_logistic_regression,countercontex,202,0.6,True,0.5,0.6398787910562462,1.0,0.984,0.037739070478580994,403.9211200849968
e4,bank_marketing,retained_logistic_regression,countercontex,202,0.6,True,0.6,0.6398787910562462,1.0,0.984,0.037739070478580994,403.9211200849968
e4,bank_marketing,retained_logistic_regression,countercontex,202,0.6,True,0.7,0.6398787910562462,0.10975609756097561,0.984,0.037739070478580994,403.9211200849968
e4,bank_marketing,retained_logistic_regression,countercontex,202,0.6,True,0.8,0.6398787910562462,0.04065040650406504,0.984,0.037739070478580994,403.9211200849968
e4,bank_marketing,retained_logistic_regression,countercontex,202,0.6,True,0.9,0.6398787910562462,0.0040650406504065045,0.984,0.037739070478580994,403.9211200849968
e4,bank_marketing,retained_logistic_regression,countercontex,303,0.6,True,0.5,0.6398787910562462,1.0,0.984,0.037739070478580994,402.2698362740339
e4,bank_marketing,retained_logistic_regression,countercontex,303,0.6,True,0.6,0.6398787910562462,1.0,0.984,0.037739070478580994,402.2698362740339
e4,bank_marketing,retained_logistic_regression,countercontex,303,0.6,True,0.7,0.6398787910562462,0.10975609756097561,0.984,0.037739070478580994,402.2698362740339
e4,bank_marketing,retained_logistic_regression,countercontex,303,0.6,True,0.8,0.6398787910562462,0.04065040650406504,0.984,0.037739070478580994,402.2698362740339
e4,bank_marketing,retained_logistic_regression,countercontex,303,0.6,True,0.9,0.6398787910562462,0.0040650406504065045,0.984,0.037739070478580994,402.2698362740339
e4,bank_marketing,retained_logistic_regression,countercontex,17,0.7,False,0.5,0.7830890629347891,1.0,0.988,0.05203577890998878,195.06163882196415
e4,bank_marketing,retained_logistic_regression,countercontex,17,0.7,False,0.6,0.7830890629347891,1.0,0.988,0.05203577890998878,195.06163882196415
e4,bank_marketing,retained_logistic_regression,countercontex,17,0.7,False,0.7,0.7830890629347891,1.0,0.988,0.05203577890998878,195.06163882196415
e4,bank_marketing,retained_logistic_regression,countercontex,17,0.7,False,0.8,0.7830890629347891,0.3724696356275304,0.988,0.05203577890998878,195.06163882196415
e4,bank_marketing,retained_logistic_regression,countercontex,17,0.7,False,0.9,0.7830890629347891,0.048582995951417005,0.988,0.05203577890998878,195.06163882196415
e4,bank_marketing,retained_logistic_regression,countercontex,42,0.7,False,0.5,0.7830890629347891,1.0,0.988,0.05203577890998878,177.86868747300468
e4,bank_marketing,retained_logistic_regression,countercontex,42,0.7,False,0.6,0.7830890629347891,1.0,0.988,0.05203577890998878,177.86868747300468
e4,bank_marketing,retained_logistic_regression,countercontex,42,0.7,False,0.7,0.7830890629347891,1.0,0.988,0.05203577890998878,177.86868747300468
e4,bank_marketing,retained_logistic_regression,countercontex,42,0.7,False,0.8,0.7830890629347891,0.3724696356275304,0.988,0.05203577890998878,177.86868747300468
e4,bank_marketing,retained_logistic_regression,countercontex,42,0.7,False,0.9,0.7830890629347891,0.048582995951417005,0.988,0.05203577890998878,177.86868747300468
e4,bank_marketing,retained_logistic_regression,countercontex,101,0.7,False,0.5,0.7830890629347891,1.0,0.988,0.05203577890998878,164.19094631797634
e4,bank_marketing,retained_logistic_regression,countercontex,101,0.7,False,0.6,0.7830890629347891,1.0,0.988,0.05203577890998878,164.19094631797634
e4,bank_marketing,retained_logistic_regression,countercontex,101,0.7,False,0.7,0.7830890629347891,1.0,0.988,0.05203577890998878,164.19094631797634
e4,bank_marketing,retained_logistic_regression,countercontex,101,0.7,False,0.8,0.7830890629347891,0.3724696356275304,0.988,0.05203577890998878,164.19094631797634
e4,bank_marketing,retained_logistic_regression,countercontex,101,0.7,False,0.9,0.7830890629347891,0.048582995951417005,0.988,0.05203577890998878,164.19094631797634
e4,bank_marketing,retained_logistic_regression,countercontex,202,0.7,False,0.5,0.7830890629347891,1.0,0.988,0.05203577890998878,190.6204887549975
e4,bank_marketing,retained_logistic_regression,countercontex,202,0.7,False,0.6,0.7830890629347891,1.0,0.988,0.05203577890998878,190.6204887549975
e4,bank_marketing,retained_logistic_regression,countercontex,202,0.7,False,0.7,0.7830890629347891,1.0,0.988,0.05203577890998878,190.6204887549975
e4,bank_marketing,retained_logistic_regression,countercontex,202,0.7,False,0.8,0.7830890629347891,0.3724696356275304,0.988,0.05203577890998878,190.6204887549975
e4,bank_marketing,retained_logistic_regression,countercontex,202,0.7,False,0.9,0.7830890629347891,0.048582995951417005,0.988,0.05203577890998878,190.6204887549975
e4,bank_marketing,retained_logistic_regression,countercontex,303,0.7,False,0.5,0.7830890629347891,1.0,0.988,0.05203577890998878,175.97352407698054
e4,bank_marketing,retained_logistic_regression,countercontex,303,0.7,False,0.6,0.7830890629347891,1.0,0.988,0.05203577890998878,175.97352407698054
e4,bank_marketing,retained_logistic_regression,countercontex,303,0.7,False,0.7,0.7830890629347891,1.0,0.988,0.05203577890998878,175.97352407698054
e4,bank_marketing,retained_logistic_regression,countercontex,303,0.7,False,0.8,0.7830890629347891,0.3724696356275304,0.988,0.05203577890998878,175.97352407698054
e4,bank_marketing,retained_logistic_regression,countercontex,303,0.7,False,0.9,0.7830890629347891,0.048582995951417005,0.988,0.05203577890998878,175.97352407698054
e4,bank_marketing,retained_logistic_regression,countercontex,17,0.7,True,0.5,0.7346999817814528,1.0,0.98,0.04532423492931874,431.7639420950436
e4,bank_marketing,retained_logistic_regression,countercontex,17,0.7,True,0.6,0.7346999817814528,1.0,0.98,0.04532423492931874,431.7639420950436
e4,bank_marketing,retained_logistic_regression,countercontex,17,0.7,True,0.7,0.7346999817814528,1.0,0.98,0.04532423492931874,431.7639420950436
e4,bank_marketing,retained_logistic_regression,countercontex,17,0.7,True,0.8,0.7346999817814528,0.08163265306122448,0.98,0.04532423492931874,431.7639420950436
e4,bank_marketing,retained_logistic_regression,countercontex,17,0.7,True,0.9,0.7346999817814528,0.00816326530612245,0.98,0.04532423492931874,431.7639420950436
e4,bank_marketing,retained_logistic_regression,countercontex,42,0.7,True,0.5,0.7346999817814528,1.0,0.98,0.04532423492931874,395.74066692299675
e4,bank_marketing,retained_logistic_regression,countercontex,42,0.7,True,0.6,0.7346999817814528,1.0,0.98,0.04532423492931874,395.74066692299675
e4,bank_marketing,retained_logistic_regression,countercontex,42,0.7,True,0.7,0.7346999817814528,1.0,0.98,0.04532423492931874,395.74066692299675
e4,bank_marketing,retained_logistic_regression,countercontex,42,0.7,True,0.8,0.7346999817814528,0.08163265306122448,0.98,0.04532423492931874,395.74066692299675
e4,bank_marketing,retained_logistic_regression,countercontex,42,0.7,True,0.9,0.7346999817814528,0.00816326530612245,0.98,0.04532423492931874,395.74066692299675
e4,bank_marketing,retained_logistic_regression,countercontex,101,0.7,True,0.5,0.7346999817814528,1.0,0.98,0.04532423492931874,478.23626134498045
e4,bank_marketing,retained_logistic_regression,countercontex,101,0.7,True,0.6,0.7346999817814528,1.0,0.98,0.04532423492931874,478.23626134498045
e4,bank_marketing,retained_logistic_regression,countercontex,101,0.7,True,0.7,0.7346999817814528,1.0,0.98,0.04532423492931874,478.23626134498045
e4,bank_marketing,retained_logistic_regression,countercontex,101,0.7,True,0.8,0.7346999817814528,0.08163265306122448,0.98,0.04532423492931874,478.23626134498045
e4,bank_marketing,retained_logistic_regression,countercontex,101,0.7,True,0.9,0.7346999817814528,0.00816326530612245,0.98,0.04532423492931874,478.23626134498045
e4,bank_marketing,retained_logistic_regression,countercontex,202,0.7,True,0.5,0.7346999817814528,1.0,0.98,0.04532423492931874,470.61535402503796
e4,bank_marketing,retained_logistic_regression,countercontex,202,0.7,True,0.6,0.7346999817814528,1.0,0.98,0.04532423492931874,470.61535402503796
e4,bank_marketing,retained_logistic_regression,countercontex,202,0.7,True,0.7,0.7346999817814528,1.0,0.98,0.04532423492931874,470.61535402503796
e4,bank_marketing,retained_logistic_regression,countercontex,202,0.7,True,0.8,0.7346999817814528,0.08163265306122448,0.98,0.04532423492931874,470.61535402503796
e4,bank_marketing,retained_logistic_regression,countercontex,202,0.7,True,0.9,0.7346999817814528,0.00816326530612245,0.98,0.04532423492931874,470.61535402503796
e4,bank_marketing,retained_logistic_regression,countercontex,303,0.7,True,0.5,0.7346999817814528,1.0,0.98,0.04532423492931874,490.56634139595553
e4,bank_marketing,retained_logistic_regression,countercontex,303,0.7,True,0.6,0.7346999817814528,1.0,0.98,0.04532423492931874,490.56634139595553
e4,bank_marketing,retained_logistic_regression,countercontex,303,0.7,True,0.7,0.7346999817814528,1.0,0.98,0.04532423492931874,490.56634139595553
e4,bank_marketing,retained_logistic_regression,countercontex,303,0.7,True,0.8,0.7346999817814528,0.08163265306122448,0.98,0.04532423492931874,490.56634139595553
e4,bank_marketing,retained_logistic_regression,countercontex,303,0.7,True,0.9,0.7346999817814528,0.00816326530612245,0.98,0.04532423492931874,490.56634139595553
e4,bank_marketing,retained_logistic_regression,countercontex,17,0.8,False,0.5,0.8550877795728737,1.0,0.988,0.07111199985772955,197.80586341704475
e4,bank_marketing,retained_logistic_regression,countercontex,17,0.8,False,0.6,0.8550877795728737,1.0,0.988,0.07111199985772955,197.80586341704475
e4,bank_marketing,retained_logistic_regression,countercontex,17,0.8,False,0.7,0.8550877795728737,1.0,0.988,0.07111199985772955,197.80586341704475
e4,bank_marketing,retained_logistic_regression,countercontex,17,0.8,False,0.8,0.8550877795728737,1.0,0.988,0.07111199985772955,197.80586341704475
e4,bank_marketing,retained_logistic_regression,countercontex,17,0.8,False,0.9,0.8550877795728737,0.19838056680161945,0.988,0.07111199985772955,197.80586341704475
e4,bank_marketing,retained_logistic_regression,countercontex,42,0.8,False,0.5,0.8550877795728737,1.0,0.988,0.07111199985772955,199.20043340494158
e4,bank_marketing,retained_logistic_regression,countercontex,42,0.8,False,0.6,0.8550877795728737,1.0,0.988,0.07111199985772955,199.20043340494158
e4,bank_marketing,retained_logistic_regression,countercontex,42,0.8,False,0.7,0.8550877795728737,1.0,0.988,0.07111199985772955,199.20043340494158
e4,bank_marketing,retained_logistic_regression,countercontex,42,0.8,False,0.8,0.8550877795728737,1.0,0.988,0.07111199985772955,199.20043340494158
e4,bank_marketing,retained_logistic_regression,countercontex,42,0.8,False,0.9,0.8550877795728737,0.19838056680161945,0.988,0.07111199985772955,199.20043340494158
e4,bank_marketing,retained_logistic_regression,countercontex,101,0.8,False,0.5,0.8550877795728737,1.0,0.988,0.07111199985772955,187.6659567040042
e4,bank_marketing,retained_logistic_regression,countercontex,101,0.8,False,0.6,0.8550877795728737,1.0,0.988,0.07111199985772955,187.6659567040042
e4,bank_marketing,retained_logistic_regression,countercontex,101,0.8,False,0.7,0.8550877795728737,1.0,0.988,0.07111199985772955,187.6659567040042
e4,bank_marketing,retained_logistic_regression,countercontex,101,0.8,False,0.8,0.8550877795728737,1.0,0.988,0.07111199985772955,187.6659567040042
e4,bank_marketing,retained_logistic_regression,countercontex,101,0.8,False,0.9,0.8550877795728737,0.19838056680161945,0.988,0.07111199985772955,187.6659567040042
e4,bank_marketing,retained_logistic_regression,countercontex,202,0.8,False,0.5,0.8550877795728737,1.0,0.988,0.07111199985772955,196.01406261592638
e4,bank_marketing,retained_logistic_regression,countercontex,202,0.8,False,0.6,0.8550877795728737,1.0,0.988,0.07111199985772955,196.01406261592638
e4,bank_marketing,retained_logistic_regression,countercontex,202,0.8,False,0.7,0.8550877795728737,1.0,0.988,0.07111199985772955,196.01406261592638
e4,bank_marketing,retained_logistic_regression,countercontex,202,0.8,False,0.8,0.8550877795728737,1.0,0.988,0.07111199985772955,196.01406261592638
e4,bank_marketing,retained_logistic_regression,countercontex,202,0.8,False,0.9,0.8550877795728737,0.19838056680161945,0.988,0.07111199985772955,196.01406261592638
e4,bank_marketing,retained_logistic_regression,countercontex,303,0.8,False,0.5,0.8550877795728737,1.0,0.988,0.07111199985772955,198.77522997098276
e4,bank_marketing,retained_logistic_regression,countercontex,303,0.8,False,0.6,0.8550877795728737,1.0,0.988,0.07111199985772955,198.77522997098276
e4,bank_marketing,retained_logistic_regression,countercontex,303,0.8,False,0.7,0.8550877795728737,1.0,0.988,0.07111199985772955,198.77522997098276
e4,bank_marketing,retained_logistic_regression,countercontex,303,0.8,False,0.8,0.8550877795728737,1.0,0.988,0.07111199985772955,198.77522997098276
e4,bank_marketing,retained_logistic_regression,countercontex,303,0.8,False,0.9,0.8550877795728737,0.19838056680161945,0.988,0.07111199985772955,198.77522997098276
e4,bank_marketing,retained_logistic_regression,countercontex,17,0.8,True,0.5,0.8330606201937745,1.0,0.96,0.050290993840101,456.2543853300158
e4,bank_marketing,retained_logistic_regression,countercontex,17,0.8,True,0.6,0.8330606201937745,1.0,0.96,0.050290993840101,456.2543853300158
e4,bank_marketing,retained_logistic_regression,countercontex,17,0.8,True,0.7,0.8330606201937745,1.0,0.96,0.050290993840101,456.2543853300158
e4,bank_marketing,retained_logistic_regression,countercontex,17,0.8,True,0.8,0.8330606201937745,1.0,0.96,0.050290993840101,456.2543853300158
e4,bank_marketing,retained_logistic_regression,countercontex,17,0.8,True,0.9,0.8330606201937745,0.07916666666666666,0.96,0.050290993840101,456.2543853300158
e4,bank_marketing,retained_logistic_regression,countercontex,42,0.8,True,0.5,0.8330606201937745,1.0,0.96,0.050290993840101,472.1687802830129
e4,bank_marketing,retained_logistic_regression,countercontex,42,0.8,True,0.6,0.8330606201937745,1.0,0.96,0.050290993840101,472.1687802830129
e4,bank_marketing,retained_logistic_regression,countercontex,42,0.8,True,0.7,0.8330606201937745,1.0,0.96,0.050290993840101,472.1687802830129
e4,bank_marketing,retained_logistic_regression,countercontex,42,0.8,True,0.8,0.8330606201937745,1.0,0.96,0.050290993840101,472.1687802830129
e4,bank_marketing,retained_logistic_regression,countercontex,42,0.8,True,0.9,0.8330606201937745,0.07916666666666666,0.96,0.050290993840101,472.1687802830129
e4,bank_marketing,retained_logistic_regression,countercontex,101,0.8,True,0.5,0.8330606201937745,1.0,0.96,0.050290993840101,517.5969557230128
e4,bank_marketing,retained_logistic_regression,countercontex,101,0.8,True,0.6,0.8330606201937745,1.0,0.96,0.050290993840101,517.5969557230128
e4,bank_marketing,retained_logistic_regression,countercontex,101,0.8,True,0.7,0.8330606201937745,1.0,0.96,0.050290993840101,517.5969557230128
e4,bank_marketing,retained_logistic_regression,countercontex,101,0.8,True,0.8,0.8330606201937745,1.0,0.96,0.050290993840101,517.5969557230128
e4,bank_marketing,retained_logistic_regression,countercontex,101,0.8,True,0.9,0.8330606201937745,0.07916666666666666,0.96,0.050290993840101,517.5969557230128
e4,bank_marketing,retained_logistic_regression,countercontex,202,0.8,True,0.5,0.8330606201937745,1.0,0.96,0.050290993840101,540.2491632580059
e4,bank_marketing,retained_logistic_regression,countercontex,202,0.8,True,0.6,0.8330606201937745,1.0,0.96,0.050290993840101,540.2491632580059
e4,bank_marketing,retained_logistic_regression,countercontex,202,0.8,True,0.7,0.8330606201937745,1.0,0.96,0.050290993840101,540.2491632580059
e4,bank_marketing,retained_logistic_regression,countercontex,202,0.8,True,0.8,0.8330606201937745,1.0,0.96,0.050290993840101,540.2491632580059
e4,bank_marketing,retained_logistic_regression,countercontex,202,0.8,True,0.9,0.8330606201937745,0.07916666666666666,0.96,0.050290993840101,540.2491632580059
e4,bank_marketing,retained_logistic_regression,countercontex,303,0.8,True,0.5,0.8330606201937745,1.0,0.96,0.050290993840101,496.8643942750641
e4,bank_marketing,retained_logistic_regression,countercontex,303,0.8,True,0.6,0.8330606201937745,1.0,0.96,0.050290993840101,496.8643942750641
e4,bank_marketing,retained_logistic_regression,countercontex,303,0.8,True,0.7,0.8330606201937745,1.0,0.96,0.050290993840101,496.8643942750641
e4,bank_marketing,retained_logistic_regression,countercontex,303,0.8,True,0.8,0.8330606201937745,1.0,0.96,0.050290993840101,496.8643942750641
e4,bank_marketing,retained_logistic_regression,countercontex,303,0.8,True,0.9,0.8330606201937745,0.07916666666666666,0.96,0.050290993840101,496.8643942750641
e4,bank_marketing,retained_logistic_regression,countercontex,17,0.9,False,0.5,0.927429079936027,1.0,0.968,0.11538465291282583,264.9694215890486
e4,bank_marketing,retained_logistic_regression,countercontex,17,0.9,False,0.6,0.927429079936027,1.0,0.968,0.11538465291282583,264.9694215890486
e4,bank_marketing,retained_logistic_regression,countercontex,17,0.9,False,0.7,0.927429079936027,1.0,0.968,0.11538465291282583,264.9694215890486
e4,bank_marketing,retained_logistic_regression,countercontex,17,0.9,False,0.8,0.927429079936027,1.0,0.968,0.11538465291282583,264.9694215890486
e4,bank_marketing,retained_logistic_regression,countercontex,17,0.9,False,0.9,0.927429079936027,1.0,0.968,0.11538465291282583,264.9694215890486
e4,bank_marketing,retained_logistic_regression,countercontex,42,0.9,False,0.5,0.927429079936027,1.0,0.968,0.11538465291282583,279.55626270599896
e4,bank_marketing,retained_logistic_regression,countercontex,42,0.9,False,0.6,0.927429079936027,1.0,0.968,0.11538465291282583,279.55626270599896
e4,bank_marketing,retained_logistic_regression,countercontex,42,0.9,False,0.7,0.927429079936027,1.0,0.968,0.11538465291282583,279.55626270599896
e4,bank_marketing,retained_logistic_regression,countercontex,42,0.9,False,0.8,0.927429079936027,1.0,0.968,0.11538465291282583,279.55626270599896
e4,bank_marketing,retained_logistic_regression,countercontex,42,0.9,False,0.9,0.927429079936027,1.0,0.968,0.11538465291282583,279.55626270599896
e4,bank_marketing,retained_logistic_regression,countercontex,101,0.9,False,0.5,0.927429079936027,1.0,0.968,0.11538465291282583,308.382963992015
e4,bank_marketing,retained_logistic_regression,countercontex,101,0.9,False,0.6,0.927429079936027,1.0,0.968,0.11538465291282583,308.382963992015
e4,bank_marketing,retained_logistic_regression,countercontex,101,0.9,False,0.7,0.927429079936027,1.0,0.968,0.11538465291282583,308.382963992015
e4,bank_marketing,retained_logistic_regression,countercontex,101,0.9,False,0.8,0.927429079936027,1.0,0.968,0.11538465291282583,308.382963992015
e4,bank_marketing,retained_logistic_regression,countercontex,101,0.9,False,0.9,0.927429079936027,1.0,0.968,0.11538465291282583,308.382963992015
e4,bank_marketing,retained_logistic_regression,countercontex,202,0.9,False,0.5,0.927429079936027,1.0,0.968,0.11538465291282583,271.79563499300275
e4,bank_marketing,retained_logistic_regression,countercontex,202,0.9,False,0.6,0.927429079936027,1.0,0.968,0.11538465291282583,271.79563499300275
e4,bank_marketing,retained_logistic_regression,countercontex,202,0.9,False,0.7,0.927429079936027,1.0,0.968,0.11538465291282583,271.79563499300275
e4,bank_marketing,retained_logistic_regression,countercontex,202,0.9,False,0.8,0.927429079936027,1.0,0.968,0.11538465291282583,271.79563499300275
e4,bank_marketing,retained_logistic_regression,countercontex,202,0.9,False,0.9,0.927429079936027,1.0,0.968,0.11538465291282583,271.79563499300275
e4,bank_marketing,retained_logistic_regression,countercontex,303,0.9,False,0.5,0.927429079936027,1.0,0.968,0.11538465291282583,309.34813124506036
e4,bank_marketing,retained_logistic_regression,countercontex,303,0.9,False,0.6,0.927429079936027,1.0,0.968,0.11538465291282583,309.34813124506036
e4,bank_marketing,retained_logistic_regression,countercontex,303,0.9,False,0.7,0.927429079936027,1.0,0.968,0.11538465291282583,309.34813124506036
e4,bank_marketing,retained_logistic_regression,countercontex,303,0.9,False,0.8,0.927429079936027,1.0,0.968,0.11538465291282583,309.34813124506036
e4,bank_marketing,retained_logistic_regression,countercontex,303,0.9,False,0.9,0.927429079936027,1.0,0.968,0.11538465291282583,309.34813124506036
e4,bank_marketing,retained_logistic_regression,countercontex,17,0.9,True,0.5,0.9210702475919061,1.0,0.96,0.08683559077382208,635.3376052930253
e4,bank_marketing,retained_logistic_regression,countercontex,17,0.9,True,0.6,0.9210702475919061,1.0,0.96,0.08683559077382208,635.3376052930253
e4,bank_marketing,retained_logistic_regression,countercontex,17,0.9,True,0.7,0.9210702475919061,1.0,0.96,0.08683559077382208,635.3376052930253
e4,bank_marketing,retained_logistic_regression,countercontex,17,0.9,True,0.8,0.9210702475919061,1.0,0.96,0.08683559077382208,635.3376052930253
e4,bank_marketing,retained_logistic_regression,countercontex,17,0.9,True,0.9,0.9210702475919061,1.0,0.96,0.08683559077382208,635.3376052930253
e4,bank_marketing,retained_logistic_regression,countercontex,42,0.9,True,0.5,0.9210702475919061,1.0,0.96,0.08683559077382208,628.9340238279547
e4,bank_marketing,retained_logistic_regression,countercontex,42,0.9,True,0.6,0.9210702475919061,1.0,0.96,0.08683559077382208,628.9340238279547
e4,bank_marketing,retained_logistic_regression,countercontex,42,0.9,True,0.7,0.9210702475919061,1.0,0.96,0.08683559077382208,628.9340238279547
e4,bank_marketing,retained_logistic_regression,countercontex,42,0.9,True,0.8,0.9210702475919061,1.0,0.96,0.08683559077382208,628.9340238279547
e4,bank_marketing,retained_logistic_regression,countercontex,42,0.9,True,0.9,0.9210702475919061,1.0,0.96,0.08683559077382208,628.9340238279547
e4,bank_marketing,retained_logistic_regression,countercontex,101,0.9,True,0.5,0.9210702475919061,1.0,0.96,0.08683559077382208,630.3526781280525
e4,bank_marketing,retained_logistic_regression,countercontex,101,0.9,True,0.6,0.9210702475919061,1.0,0.96,0.08683559077382208,630.3526781280525
e4,bank_marketing,retained_logistic_regression,countercontex,101,0.9,True,0.7,0.9210702475919061,1.0,0.96,0.08683559077382208,630.3526781280525
e4,bank_marketing,retained_logistic_regression,countercontex,101,0.9,True,0.8,0.9210702475919061,1.0,0.96,0.08683559077382208,630.3526781280525
e4,bank_marketing,retained_logistic_regression,countercontex,101,0.9,True,0.9,0.9210702475919061,1.0,0.96,0.08683559077382208,630.3526781280525
e4,bank_marketing,retained_logistic_regression,countercontex,202,0.9,True,0.5,0.9210702475919061,1.0,0.96,0.08683559077382208,623.8990005470696
e4,bank_marketing,retained_logistic_regression,countercontex,202,0.9,True,0.6,0.9210702475919061,1.0,0.96,0.08683559077382208,623.8990005470696
e4,bank_marketing,retained_logistic_regression,countercontex,202,0.9,True,0.7,0.9210702475919061,1.0,0.96,0.08683559077382208,623.8990005470696
e4,bank_marketing,retained_logistic_regression,countercontex,202,0.9,True,0.8,0.9210702475919061,1.0,0.96,0.08683559077382208,623.8990005470696
e4,bank_marketing,retained_logistic_regression,countercontex,202,0.9,True,0.9,0.9210702475919061,1.0,0.96,0.08683559077382208,623.8990005470696
e4,bank_marketing,retained_logistic_regression,countercontex,303,0.9,True,0.5,0.9210702475919061,1.0,0.96,0.08683559077382208,629.1472427080153
e4,bank_marketing,retained_logistic_regression,countercontex,303,0.9,True,0.6,0.9210702475919061,1.0,0.96,0.08683559077382208,629.1472427080153
e4,bank_marketing,retained_logistic_regression,countercontex,303,0.9,True,0.7,0.9210702475919061,1.0,0.96,0.08683559077382208,629.1472427080153
e4,bank_marketing,retained_logistic_regression,countercontex,303,0.9,True,0.8,0.9210702475919061,1.0,0.96,0.08683559077382208,629.1472427080153
e4,bank_marketing,retained_logistic_regression,countercontex,303,0.9,True,0.9,0.9210702475919061,1.0,0.96,0.08683559077382208,629.1472427080153
e4,give_me_some_credit,retained_logistic_regression,countercontex,17,0.5,False,0.5,0.6252785717438882,1.0,0.992,0.08847857526752018,66.9094671329949
e4,give_me_some_credit,retained_logistic_regression,countercontex,17,0.5,False,0.6,0.6252785717438882,0.5483870967741935,0.992,0.08847857526752018,66.9094671329949
e4,give_me_some_credit,retained_logistic_regression,countercontex,17,0.5,False,0.7,0.6252785717438882,0.29838709677419356,0.992,0.08847857526752018,66.9094671329949
e4,give_me_some_credit,retained_logistic_regression,countercontex,17,0.5,False,0.8,0.6252785717438882,0.04435483870967742,0.992,0.08847857526752018,66.9094671329949
e4,give_me_some_credit,retained_logistic_regression,countercontex,17,0.5,False,0.9,0.6252785717438882,0.0,0.992,0.08847857526752018,66.9094671329949
e4,give_me_some_credit,retained_logistic_regression,countercontex,42,0.5,False,0.5,0.6252785717438882,1.0,0.992,0.08847857526752018,71.07064216997242
e4,give_me_some_credit,retained_logistic_regression,countercontex,42,0.5,False,0.6,0.6252785717438882,0.5483870967741935,0.992,0.08847857526752018,71.07064216997242
e4,give_me_some_credit,retained_logistic_regression,countercontex,42,0.5,False,0.7,0.6252785717438882,0.29838709677419356,0.992,0.08847857526752018,71.07064216997242
e4,give_me_some_credit,retained_logistic_regression,countercontex,42,0.5,False,0.8,0.6252785717438882,0.04435483870967742,0.992,0.08847857526752018,71.07064216997242
e4,give_me_some_credit,retained_logistic_regression,countercontex,42,0.5,False,0.9,0.6252785717438882,0.0,0.992,0.08847857526752018,71.07064216997242
e4,give_me_some_credit,retained_logistic_regression,countercontex,101,0.5,False,0.5,0.6252785717438882,1.0,0.992,0.08847857526752018,69.93377766106278
e4,give_me_some_credit,retained_logistic_regression,countercontex,101,0.5,False,0.6,0.6252785717438882,0.5483870967741935,0.992,0.08847857526752018,69.93377766106278
e4,give_me_some_credit,retained_logistic_regression,countercontex,101,0.5,False,0.7,0.6252785717438882,0.29838709677419356,0.992,0.08847857526752018,69.93377766106278
e4,give_me_some_credit,retained_logistic_regression,countercontex,101,0.5,False,0.8,0.6252785717438882,0.04435483870967742,0.992,0.08847857526752018,69.93377766106278
e4,give_me_some_credit,retained_logistic_regression,countercontex,101,0.5,False,0.9,0.6252785717438882,0.0,0.992,0.08847857526752018,69.93377766106278
e4,give_me_some_credit,retained_logistic_regression,countercontex,202,0.5,False,0.5,0.6252785717438882,1.0,0.992,0.08847857526752018,61.93644703703467
e4,give_me_some_credit,retained_logistic_regression,countercontex,202,0.5,False,0.6,0.6252785717438882,0.5483870967741935,0.992,0.08847857526752018,61.93644703703467
e4,give_me_some_credit,retained_logistic_regression,countercontex,202,0.5,False,0.7,0.6252785717438882,0.29838709677419356,0.992,0.08847857526752018,61.93644703703467
e4,give_me_some_credit,retained_logistic_regression,countercontex,202,0.5,False,0.8,0.6252785717438882,0.04435483870967742,0.992,0.08847857526752018,61.93644703703467
e4,give_me_some_credit,retained_logistic_regression,countercontex,202,0.5,False,0.9,0.6252785717438882,0.0,0.992,0.08847857526752018,61.93644703703467
e4,give_me_some_credit,retained_logistic_regression,countercontex,303,0.5,False,0.5,0.6252785717438882,1.0,0.992,0.08847857526752018,64.03242222603876
e4,give_me_some_credit,retained_logistic_regression,countercontex,303,0.5,False,0.6,0.6252785717438882,0.5483870967741935,0.992,0.08847857526752018,64.03242222603876
e4,give_me_some_credit,retained_logistic_regression,countercontex,303,0.5,False,0.7,0.6252785717438882,0.29838709677419356,0.992,0.08847857526752018,64.03242222603876
e4,give_me_some_credit,retained_logistic_regression,countercontex,303,0.5,False,0.8,0.6252785717438882,0.04435483870967742,0.992,0.08847857526752018,64.03242222603876
e4,give_me_some_credit,retained_logistic_regression,countercontex,303,0.5,False,0.9,0.6252785717438882,0.0,0.992,0.08847857526752018,64.03242222603876
e4,give_me_some_credit,retained_logistic_regression,countercontex,17,0.5,True,0.5,0.6062170308373724,1.0,1.0,0.08162568379922439,237.01577393099433
e4,give_me_some_credit,retained_logistic_regression,countercontex,17,0.5,True,0.6,0.6062170308373724,0.476,1.0,0.08162568379922439,237.01577393099433
e4,give_me_some_credit,retained_logistic_regression,countercontex,17,0.5,True,0.7,0.6062170308373724,0.244,1.0,0.08162568379922439,237.01577393099433
e4,give_me_some_credit,retained_logistic_regression,countercontex,17,0.5,True,0.8,0.6062170308373724,0.012,1.0,0.08162568379922439,237.01577393099433
e4,give_me_some_credit,retained_logistic_regression,countercontex,17,0.5,True,0.9,0.6062170308373724,0.0,1.0,0.08162568379922439,237.01577393099433
e4,give_me_some_credit,retained_logistic_regression,countercontex,42,0.5,True,0.5,0.6062170308373724,1.0,1.0,0.08162568379922439,226.95417451194953
e4,give_me_some_credit,retained_logistic_regression,countercontex,42,0.5,True,0.6,0.6062170308373724,0.476,1.0,0.08162568379922439,226.95417451194953
e4,give_me_some_credit,retained_logistic_regression,countercontex,42,0.5,True,0.7,0.6062170308373724,0.244,1.0,0.08162568379922439,226.95417451194953
e4,give_me_some_credit,retained_logistic_regression,countercontex,42,0.5,True,0.8,0.6062170308373724,0.012,1.0,0.08162568379922439,226.95417451194953
e4,give_me_some_credit,retained_logistic_regression,countercontex,42,0.5,True,0.9,0.6062170308373724,0.0,1.0,0.08162568379922439,226.95417451194953
e4,give_me_some_credit,retained_logistic_regression,countercontex,101,0.5,True,0.5,0.6062170308373724,1.0,1.0,0.08162568379922439,244.4391958109918
e4,give_me_some_credit,retained_logistic_regression,countercontex,101,0.5,True,0.6,0.6062170308373724,0.476,1.0,0.08162568379922439,244.4391958109918
e4,give_me_some_credit,retained_logistic_regression,countercontex,101,0.5,True,0.7,0.6062170308373724,0.244,1.0,0.08162568379922439,244.4391958109918
e4,give_me_some_credit,retained_logistic_regression,countercontex,101,0.5,True,0.8,0.6062170308373724,0.012,1.0,0.08162568379922439,244.4391958109918
e4,give_me_some_credit,retained_logistic_regression,countercontex,101,0.5,True,0.9,0.6062170308373724,0.0,1.0,0.08162568379922439,244.4391958109918
e4,give_me_some_credit,retained_logistic_regression,countercontex,202,0.5,True,0.5,0.6062170308373724,1.0,1.0,0.08162568379922439,212.41991963703185
e4,give_me_some_credit,retained_logistic_regression,countercontex,202,0.5,True,0.6,0.6062170308373724,0.476,1.0,0.08162568379922439,212.41991963703185
e4,give_me_some_credit,retained_logistic_regression,countercontex,202,0.5,True,0.7,0.6062170308373724,0.244,1.0,0.08162568379922439,212.41991963703185
e4,give_me_some_credit,retained_logistic_regression,countercontex,202,0.5,True,0.8,0.6062170308373724,0.012,1.0,0.08162568379922439,212.41991963703185
e4,give_me_some_credit,retained_logistic_regression,countercontex,202,0.5,True,0.9,0.6062170308373724,0.0,1.0,0.08162568379922439,212.41991963703185
e4,give_me_some_credit,retained_logistic_regression,countercontex,303,0.5,True,0.5,0.6062170308373724,1.0,1.0,0.08162568379922439,223.9232178259408
e4,give_me_some_credit,retained_logistic_regression,countercontex,303,0.5,True,0.6,0.6062170308373724,0.476,1.0,0.08162568379922439,223.9232178259408
e4,give_me_some_credit,retained_logistic_regression,countercontex,303,0.5,True,0.7,0.6062170308373724,0.244,1.0,0.08162568379922439,223.9232178259408
e4,give_me_some_credit,retained_logistic_regression,countercontex,303,0.5,True,0.8,0.6062170308373724,0.012,1.0,0.08162568379922439,223.9232178259408
e4,give_me_some_credit,retained_logistic_regression,countercontex,303,0.5,True,0.9,0.6062170308373724,0.0,1.0,0.08162568379922439,223.9232178259408
e4,give_me_some_credit,retained_logistic_regression,countercontex,17,0.6,False,0.5,0.6965778694931782,1.0,0.952,0.10897948372415392,100.78205196000636
e4,give_me_some_credit,retained_logistic_regression,countercontex,17,0.6,False,0.6,0.6965778694931782,1.0,0.952,0.10897948372415392,100.78205196000636
e4,give_me_some_credit,retained_logistic_regression,countercontex,17,0.6,False,0.7,0.6965778694931782,0.46218487394957986,0.952,0.10897948372415392,100.78205196000636
e4,give_me_some_credit,retained_logistic_regression,countercontex,17,0.6,False,0.8,0.6965778694931782,0.15126050420168066,0.952,0.10897948372415392,100.78205196000636
e4,give_me_some_credit,retained_logistic_regression,countercontex,17,0.6,False,0.9,0.6965778694931782,0.0,0.952,0.10897948372415392,100.78205196000636
e4,give_me_some_credit,retained_logistic_regression,countercontex,42,0.6,False,0.5,0.6965778694931782,1.0,0.952,0.10897948372415392,102.89189675595844
e4,give_me_some_credit,retained_logistic_regression,countercontex,42,0.6,False,0.6,0.6965778694931782,1.0,0.952,0.10897948372415392,102.89189675595844
e4,give_me_some_credit,retained_logistic_regression,countercontex,42,0.6,False,0.7,0.6965778694931782,0.46218487394957986,0.952,0.10897948372415392,102.89189675595844
e4,give_me_some_credit,retained_logistic_regression,countercontex,42,0.6,False,0.8,0.6965778694931782,0.15126050420168066,0.952,0.10897948372415392,102.89189675595844
e4,give_me_some_credit,retained_logistic_regression,countercontex,42,0.6,False,0.9,0.6965778694931782,0.0,0.952,0.10897948372415392,102.89189675595844
e4,give_me_some_credit,retained_logistic_regression,countercontex,101,0.6,False,0.5,0.6965778694931782,1.0,0.952,0.10897948372415392,102.16469171404606
e4,give_me_some_credit,retained_logistic_regression,countercontex,101,0.6,False,0.6,0.6965778694931782,1.0,0.952,0.10897948372415392,102.16469171404606
e4,give_me_some_credit,retained_logistic_regression,countercontex,101,0.6,False,0.7,0.6965778694931782,0.46218487394957986,0.952,0.10897948372415392,102.16469171404606
e4,give_me_some_credit,retained_logistic_regression,countercontex,101,0.6,False,0.8,0.6965778694931782,0.15126050420168066,0.952,0.10897948372415392,102.16469171404606
e4,give_me_some_credit,retained_logistic_regression,countercontex,101,0.6,False,0.9,0.6965778694931782,0.0,0.952,0.10897948372415392,102.16469171404606
e4,give_me_some_credit,retained_logistic_regression,countercontex,202,0.6,False,0.5,0.6965778694931782,1.0,0.952,0.10897948372415392,104.25851941097062
e4,give_me_some_credit,retained_logistic_regression,countercontex,202,0.6,False,0.6,0.6965778694931782,1.0,0.952,0.10897948372415392,104.25851941097062
e4,give_me_some_credit,retained_logistic_regression,countercontex,202,0.6,False,0.7,0.6965778694931782,0.46218487394957986,0.952,0.10897948372415392,104.25851941097062
e4,give_me_some_credit,retained_logistic_regression,countercontex,202,0.6,False,0.8,0.6965778694931782,0.15126050420168066,0.952,0.10897948372415392,104.25851941097062
e4,give_me_some_credit,retained_logistic_regression,countercontex,202,0.6,False,0.9,0.6965778694931782,0.0,0.952,0.10897948372415392,104.25851941097062
e4,give_me_some_credit,retained_logistic_regression,countercontex,303,0.6,False,0.5,0.6965778694931782,1.0,0.952,0.10897948372415392,85.56438191002235
e4,give_me_some_credit,retained_logistic_regression,countercontex,303,0.6,False,0.6,0.6965778694931782,1.0,0.952,0.10897948372415392,85.56438191002235
e4,give_me_some_credit,retained_logistic_regression,countercontex,303,0.6,False,0.7,0.6965778694931782,0.46218487394957986,0.952,0.10897948372415392,85.56438191002235
e4,give_me_some_credit,retained_logistic_regression,countercontex,303,0.6,False,0.8,0.6965778694931782,0.15126050420168066,0.952,0.10897948372415392,85.56438191002235
e4,give_me_some_credit,retained_logistic_regression,countercontex,303,0.6,False,0.9,0.6965778694931782,0.0,0.952,0.10897948372415392,85.56438191002235
e4,give_me_some_credit,retained_logistic_regression,countercontex,17,0.6,True,0.5,0.696973927113978,1.0,0.96,0.10968850705878722,330.9744599100086
e4,give_me_some_credit,retained_logistic_regression,countercontex,17,0.6,True,0.6,0.696973927113978,1.0,0.96,0.10968850705878722,330.9744599100086
e4,give_me_some_credit,retained_logistic_regression,countercontex,17,0.6,True,0.7,0.696973927113978,0.4666666666666667,0.96,0.10968850705878722,330.9744599100086
e4,give_me_some_credit,retained_logistic_regression,countercontex,17,0.6,True,0.8,0.696973927113978,0.15416666666666667,0.96,0.10968850705878722,330.9744599100086
e4,give_me_some_credit,retained_logistic_regression,countercontex,17,0.6,True,0.9,0.696973927113978,0.0,0.96,0.10968850705878722,330.9744599100086
e4,give_me_some_credit,retained_logistic_regression,countercontex,42,0.6,True,0.5,0.696973927113978,1.0,0.96,0.10968850705878722,353.74728210200556
e4,give_me_some_credit,retained_logistic_regression,countercontex,42,0.6,True,0.6,0.696973927113978,1.0,0.96,0.10968850705878722,353.74728210200556
e4,give_me_some_credit,retained_logistic_regression,countercontex,42,0.6,True,0.7,0.696973927113978,0.4666666666666667,0.96,0.10968850705878722,353.74728210200556
e4,give_me_some_credit,retained_logistic_regression,countercontex,42,0.6,True,0.8,0.696973927113978,0.15416666666666667,0.96,0.10968850705878722,353.74728210200556
e4,give_me_some_credit,retained_logistic_regression,countercontex,42,0.6,True,0.9,0.696973927113978,0.0,0.96,0.10968850705878722,353.74728210200556
e4,give_me_some_credit,retained_logistic_regression,countercontex,101,0.6,True,0.5,0.696973927113978,1.0,0.96,0.10968850705878722,361.5563734729658
e4,give_me_some_credit,retained_logistic_regression,countercontex,101,0.6,True,0.6,0.696973927113978,1.0,0.96,0.10968850705878722,361.5563734729658
e4,give_me_some_credit,retained_logistic_regression,countercontex,101,0.6,True,0.7,0.696973927113978,0.4666666666666667,0.96,0.10968850705878722,361.5563734729658
e4,give_me_some_credit,retained_logistic_regression,countercontex,101,0.6,True,0.8,0.696973927113978,0.15416666666666667,0.96,0.10968850705878722,361.5563734729658
e4,give_me_some_credit,retained_logistic_regression,countercontex,101,0.6,True,0.9,0.696973927113978,0.0,0.96,0.10968850705878722,361.5563734729658
e4,give_me_some_credit,retained_logistic_regression,countercontex,202,0.6,True,0.5,0.696973927113978,1.0,0.96,0.10968850705878722,360.73802536702715
e4,give_me_some_credit,retained_logistic_regression,countercontex,202,0.6,True,0.6,0.696973927113978,1.0,0.96,0.10968850705878722,360.73802536702715
e4,give_me_some_credit,retained_logistic_regression,countercontex,202,0.6,True,0.7,0.696973927113978,0.4666666666666667,0.96,0.10968850705878722,360.73802536702715
e4,give_me_some_credit,retained_logistic_regression,countercontex,202,0.6,True,0.8,0.696973927113978,0.15416666666666667,0.96,0.10968850705878722,360.73802536702715
e4,give_me_some_credit,retained_logistic_regression,countercontex,202,0.6,True,0.9,0.696973927113978,0.0,0.96,0.10968850705878722,360.73802536702715
e4,give_me_some_credit,retained_logistic_regression,countercontex,303,0.6,True,0.5,0.696973927113978,1.0,0.96,0.10968850705878722,344.66560287302127
e4,give_me_some_credit,retained_logistic_regression,countercontex,303,0.6,True,0.6,0.696973927113978,1.0,0.96,0.10968850705878722,344.66560287302127
e4,give_me_some_credit,retained_logistic_regression,countercontex,303,0.6,True,0.7,0.696973927113978,0.4666666666666667,0.96,0.10968850705878722,344.66560287302127
e4,give_me_some_credit,retained_logistic_regression,countercontex,303,0.6,True,0.8,0.696973927113978,0.15416666666666667,0.96,0.10968850705878722,344.66560287302127
e4,give_me_some_credit,retained_logistic_regression,countercontex,303,0.6,True,0.9,0.696973927113978,0.0,0.96,0.10968850705878722,344.66560287302127
e4,give_me_some_credit,retained_logistic_regression,countercontex,17,0.7,False,0.5,0.7560520200803008,1.0,0.844,0.12605767501477572,159.2764551639557
e4,give_me_some_credit,retained_logistic_regression,countercontex,17,0.7,False,0.6,0.7560520200803008,1.0,0.844,0.12605767501477572,159.2764551639557
e4,give_me_some_credit,retained_logistic_regression,countercontex,17,0.7,False,0.7,0.7560520200803008,1.0,0.844,0.12605767501477572,159.2764551639557
e4,give_me_some_credit,retained_logistic_regression,countercontex,17,0.7,False,0.8,0.7560520200803008,0.26066350710900477,0.844,0.12605767501477572,159.2764551639557
e4,give_me_some_credit,retained_logistic_regression,countercontex,17,0.7,False,0.9,0.7560520200803008,0.0,0.844,0.12605767501477572,159.2764551639557
e4,give_me_some_credit,retained_logistic_regression,countercontex,42,0.7,False,0.5,0.7560520200803008,1.0,0.844,0.12605767501477572,141.19545948598534
e4,give_me_some_credit,retained_logistic_regression,countercontex,42,0.7,False,0.6,0.7560520200803008,1.0,0.844,0.12605767501477572,141.19545948598534
e4,give_me_some_credit,retained_logistic_regression,countercontex,42,0.7,False,0.7,0.7560520200803008,1.0,0.844,0.12605767501477572,141.19545948598534
e4,give_me_some_credit,retained_logistic_regression,countercontex,42,0.7,False,0.8,0.7560520200803008,0.26066350710900477,0.844,0.12605767501477572,141.19545948598534
e4,give_me_some_credit,retained_logistic_regression,countercontex,42,0.7,False,0.9,0.7560520200803008,0.0,0.844,0.12605767501477572,141.19545948598534
e4,give_me_some_credit,retained_logistic_regression,countercontex,101,0.7,False,0.5,0.7560520200803008,1.0,0.844,0.12605767501477572,139.5846447359654
e4,give_me_some_credit,retained_logistic_regression,countercontex,101,0.7,False,0.6,0.7560520200803008,1.0,0.844,0.12605767501477572,139.5846447359654
e4,give_me_some_credit,retained_logistic_regression,countercontex,101,0.7,False,0.7,0.7560520200803008,1.0,0.844,0.12605767501477572,139.5846447359654
e4,give_me_some_credit,retained_logistic_regression,countercontex,101,0.7,False,0.8,0.7560520200803008,0.26066350710900477,0.844,0.12605767501477572,139.5846447359654
e4,give_me_some_credit,retained_logistic_regression,countercontex,101,0.7,False,0.9,0.7560520200803008,0.0,0.844,0.12605767501477572,139.5846447359654
e4,give_me_some_credit,retained_logistic_regression,countercontex,202,0.7,False,0.5,0.7560520200803008,1.0,0.844,0.12605767501477572,147.4338335020002
e4,give_me_some_credit,retained_logistic_regression,countercontex,202,0.7,False,0.6,0.7560520200803008,1.0,0.844,0.12605767501477572,147.4338335020002
e4,give_me_some_credit,retained_logistic_regression,countercontex,202,0.7,False,0.7,0.7560520200803008,1.0,0.844,0.12605767501477572,147.4338335020002
e4,give_me_some_credit,retained_logistic_regression,countercontex,202,0.7,False,0.8,0.7560520200803008,0.26066350710900477,0.844,0.12605767501477572,147.4338335020002
e4,give_me_some_credit,retained_logistic_regression,countercontex,202,0.7,False,0.9,0.7560520200803008,0.0,0.844,0.12605767501477572,147.4338335020002
e4,give_me_some_credit,retained_logistic_regression,countercontex,303,0.7,False,0.5,0.7560520200803008,1.0,0.844,0.12605767501477572,139.64518785796827
e4,give_me_some_credit,retained_logistic_regression,countercontex,303,0.7,False,0.6,0.7560520200803008,1.0,0.844,0.12605767501477572,139.64518785796827
e4,give_me_some_credit,retained_logistic_regression,countercontex,303,0.7,False,0.7,0.7560520200803008,1.0,0.844,0.12605767501477572,139.64518785796827
e4,give_me_some_credit,retained_logistic_regression,countercontex,303,0.7,False,0.8,0.7560520200803008,0.26066350710900477,0.844,0.12605767501477572,139.64518785796827
e4,give_me_some_credit,retained_logistic_regression,countercontex,303,0.7,False,0.9,0.7560520200803008,0.0,0.844,0.12605767501477572,139.64518785796827
e4,give_me_some_credit,retained_logistic_regression,countercontex,17,0.7,True,0.5,0.7588400663900935,1.0,0.92,0.13694285911068424,491.3463299389696
e4,give_me_some_credit,retained_logistic_regression,countercontex,17,0.7,True,0.6,0.7588400663900935,1.0,0.92,0.13694285911068424,491.3463299389696
e4,give_me_some_credit,retained_logistic_regression,countercontex,17,0.7,True,0.7,0.7588400663900935,1.0,0.92,0.13694285911068424,491.3463299389696
e4,give_me_some_credit,retained_logistic_regression,countercontex,17,0.7,True,0.8,0.7588400663900935,0.2782608695652174,0.92,0.13694285911068424,491.3463299389696
e4,give_me_some_credit,retained_logistic_regression,countercontex,17,0.7,True,0.9,0.7588400663900935,0.0,0.92,0.13694285911068424,491.3463299389696
e4,give_me_some_credit,retained_logistic_regression,countercontex,42,0.7,True,0.5,0.7588400663900935,1.0,0.92,0.13694285911068424,452.63303066795925
e4,give_me_some_credit,retained_logistic_regression,countercontex,42,0.7,True,0.6,0.7588400663900935,1.0,0.92,0.13694285911068424,452.63303066795925
e4,give_me_some_credit,retained_logistic_regression,countercontex,42,0.7,True,0.7,0.7588400663900935,1.0,0.92,0.13694285911068424,452.63303066795925
e4,give_me_some_credit,retained_logistic_regression,countercontex,42,0.7,True,0.8,0.7588400663900935,0.2782608695652174,0.92,0.13694285911068424,452.63303066795925
e4,give_me_some_credit,retained_logistic_regression,countercontex,42,0.7,True,0.9,0.7588400663900935,0.0,0.92,0.13694285911068424,452.63303066795925
e4,give_me_some_credit,retained_logistic_regression,countercontex,101,0.7,True,0.5,0.7588400663900935,1.0,0.92,0.13694285911068424,514.7373102109996
e4,give_me_some_credit,retained_logistic_regression,countercontex,101,0.7,True,0.6,0.7588400663900935,1.0,0.92,0.13694285911068424,514.7373102109996
e4,give_me_some_credit,retained_logistic_regression,countercontex,101,0.7,True,0.7,0.7588400663900935,1.0,0.92,0.13694285911068424,514.7373102109996
e4,give_me_some_credit,retained_logistic_regression,countercontex,101,0.7,True,0.8,0.7588400663900935,0.2782608695652174,0.92,0.13694285911068424,514.7373102109996
e4,give_me_some_credit,retained_logistic_regression,countercontex,101,0.7,True,0.9,0.7588400663900935,0.0,0.92,0.13694285911068424,514.7373102109996
e4,give_me_some_credit,retained_logistic_regression,countercontex,202,0.7,True,0.5,0.7588400663900935,1.0,0.92,0.13694285911068424,453.37731551297475
e4,give_me_some_credit,retained_logistic_regression,countercontex,202,0.7,True,0.6,0.7588400663900935,1.0,0.92,0.13694285911068424,453.37731551297475
e4,give_me_some_credit,retained_logistic_regression,countercontex,202,0.7,True,0.7,0.7588400663900935,1.0,0.92,0.13694285911068424,453.37731551297475
e4,give_me_some_credit,retained_logistic_regression,countercontex,202,0.7,True,0.8,0.7588400663900935,0.2782608695652174,0.92,0.13694285911068424,453.37731551297475
e4,give_me_some_credit,retained_logistic_regression,countercontex,202,0.7,True,0.9,0.7588400663900935,0.0,0.92,0.13694285911068424,453.37731551297475
e4,give_me_some_credit,retained_logistic_regression,countercontex,303,0.7,True,0.5,0.7588400663900935,1.0,0.92,0.13694285911068424,509.4706925119972
e4,give_me_some_credit,retained_logistic_regression,countercontex,303,0.7,True,0.6,0.7588400663900935,1.0,0.92,0.13694285911068424,509.4706925119972
e4,give_me_some_credit,retained_logistic_regression,countercontex,303,0.7,True,0.7,0.7588400663900935,1.0,0.92,0.13694285911068424,509.4706925119972
e4,give_me_some_credit,retained_logistic_regression,countercontex,303,0.7,True,0.8,0.7588400663900935,0.2782608695652174,0.92,0.13694285911068424,509.4706925119972
e4,give_me_some_credit,retained_logistic_regression,countercontex,303,0.7,True,0.9,0.7588400663900935,0.0,0.92,0.13694285911068424,509.4706925119972
e4,give_me_some_credit,retained_logistic_regression,countercontex,17,0.8,False,0.5,0.8430021463337039,1.0,0.708,0.16181317987814411,185.00249450502452
e4,give_me_some_credit,retained_logistic_regression,countercontex,17,0.8,False,0.6,0.8430021463337039,1.0,0.708,0.16181317987814411,185.00249450502452
e4,give_me_some_credit,retained_logistic_regression,countercontex,17,0.8,False,0.7,0.8430021463337039,1.0,0.708,0.16181317987814411,185.00249450502452
e4,give_me_some_credit,retained_logistic_regression,countercontex,17,0.8,False,0.8,0.8430021463337039,1.0,0.708,0.16181317987814411,185.00249450502452
e4,give_me_some_credit,retained_logistic_regression,countercontex,17,0.8,False,0.9,0.8430021463337039,0.062146892655367235,0.708,0.16181317987814411,185.00249450502452
e4,give_me_some_credit,retained_logistic_regression,countercontex,42,0.8,False,0.5,0.8430021463337039,1.0,0.708,0.16181317987814411,210.37251471204218
e4,give_me_some_credit,retained_logistic_regression,countercontex,42,0.8,False,0.6,0.8430021463337039,1.0,0.708,0.16181317987814411,210.37251471204218
e4,give_me_some_credit,retained_logistic_regression,countercontex,42,0.8,False,0.7,0.8430021463337039,1.0,0.708,0.16181317987814411,210.37251471204218
e4,give_me_some_credit,retained_logistic_regression,countercontex,42,0.8,False,0.8,0.8430021463337039,1.0,0.708,0.16181317987814411,210.37251471204218
e4,give_me_some_credit,retained_logistic_regression,countercontex,42,0.8,False,0.9,0.8430021463337039,0.062146892655367235,0.708,0.16181317987814411,210.37251471204218
e4,give_me_some_credit,retained_logistic_regression,countercontex,101,0.8,False,0.5,0.8430021463337039,1.0,0.708,0.16181317987814411,205.67636008304544
e4,give_me_some_credit,retained_logistic_regression,countercontex,101,0.8,False,0.6,0.8430021463337039,1.0,0.708,0.16181317987814411,205.67636008304544
e4,give_me_some_credit,retained_logistic_regression,countercontex,101,0.8,False,0.7,0.8430021463337039,1.0,0.708,0.16181317987814411,205.67636008304544
e4,give_me_some_credit,retained_logistic_regression,countercontex,101,0.8,False,0.8,0.8430021463337039,1.0,0.708,0.16181317987814411,205.67636008304544
e4,give_me_some_credit,retained_logistic_regression,countercontex,101,0.8,False,0.9,0.8430021463337039,0.062146892655367235,0.708,0.16181317987814411,205.67636008304544
e4,give_me_some_credit,retained_logistic_regression,countercontex,202,0.8,False,0.5,0.8430021463337039,1.0,0.708,0.16181317987814411,189.8748113340116
e4,give_me_some_credit,retained_logistic_regression,countercontex,202,0.8,False,0.6,0.8430021463337039,1.0,0.708,0.16181317987814411,189.8748113340116
e4,give_me_some_credit,retained_logistic_regression,countercontex,202,0.8,False,0.7,0.8430021463337039,1.0,0.708,0.16181317987814411,189.8748113340116
e4,give_me_some_credit,retained_logistic_regression,countercontex,202,0.8,False,0.8,0.8430021463337039,1.0,0.708,0.16181317987814411,189.8748113340116
e4,give_me_some_credit,retained_logistic_regression,countercontex,202,0.8,False,0.9,0.8430021463337039,0.062146892655367235,0.708,0.16181317987814411,189.8748113340116
e4,give_me_some_credit,retained_logistic_regression,countercontex,303,0.8,False,0.5,0.8430021463337039,1.0,0.708,0.16181317987814411,192.66049170901533
e4,give_me_some_credit,retained_logistic_regression,countercontex,303,0.8,False,0.6,0.8430021463337039,1.0,0.708,0.16181317987814411,192.66049170901533
e4,give_me_some_credit,retained_logistic_regression,countercontex,303,0.8,False,0.7,0.8430021463337039,1.0,0.708,0.16181317987814411,192.66049170901533
e4,give_me_some_credit,retained_logistic_regression,countercontex,303,0.8,False,0.8,0.8430021463337039,1.0,0.708,0.16181317987814411,192.66049170901533
e4,give_me_some_credit,retained_logistic_regression,countercontex,303,0.8,False,0.9,0.8430021463337039,0.062146892655367235,0.708,0.16181317987814411,192.66049170901533
e4,give_me_some_credit,retained_logistic_regression,countercontex,17,0.8,True,0.5,0.8405177925318418,1.0,0.784,0.16872656621373894,683.8593593109981
e4,give_me_some_credit,retained_logistic_regression,countercontex,17,0.8,True,0.6,0.8405177925318418,1.0,0.784,0.16872656621373894,683.8593593109981
e4,give_me_some_credit,retained_logistic_regression,countercontex,17,0.8,True,0.7,0.8405177925318418,1.0,0.784,0.16872656621373894,683.8593593109981
e4,give_me_some_credit,retained_logistic_regression,countercontex,17,0.8,True,0.8,0.8405177925318418,1.0,0.784,0.16872656621373894,683.8593593109981
e4,give_me_some_credit,retained_logistic_regression,countercontex,17,0.8,True,0.9,0.8405177925318418,0.0663265306122449,0.784,0.16872656621373894,683.8593593109981
e4,give_me_some_credit,retained_logistic_regression,countercontex,42,0.8,True,0.5,0.8405177925318418,1.0,0.784,0.16872656621373894,627.2599191289628
e4,give_me_some_credit,retained_logistic_regression,countercontex,42,0.8,True,0.6,0.8405177925318418,1.0,0.784,0.16872656621373894,627.2599191289628
e4,give_me_some_credit,retained_logistic_regression,countercontex,42,0.8,True,0.7,0.8405177925318418,1.0,0.784,0.16872656621373894,627.2599191289628
e4,give_me_some_credit,retained_logistic_regression,countercontex,42,0.8,True,0.8,0.8405177925318418,1.0,0.784,0.16872656621373894,627.2599191289628
e4,give_me_some_credit,retained_logistic_regression,countercontex,42,0.8,True,0.9,0.8405177925318418,0.0663265306122449,0.784,0.16872656621373894,627.2599191289628
e4,give_me_some_credit,retained_logistic_regression,countercontex,101,0.8,True,0.5,0.8405177925318418,1.0,0.784,0.16872656621373894,781.2842377490015
e4,give_me_some_credit,retained_logistic_regression,countercontex,101,0.8,True,0.6,0.8405177925318418,1.0,0.784,0.16872656621373894,781.2842377490015
e4,give_me_some_credit,retained_logistic_regression,countercontex,101,0.8,True,0.7,0.8405177925318418,1.0,0.784,0.16872656621373894,781.2842377490015
e4,give_me_some_credit,retained_logistic_regression,countercontex,101,0.8,True,0.8,0.8405177925318418,1.0,0.784,0.16872656621373894,781.2842377490015
e4,give_me_some_credit,retained_logistic_regression,countercontex,101,0.8,True,0.9,0.8405177925318418,0.0663265306122449,0.784,0.16872656621373894,781.2842377490015
e4,give_me_some_credit,retained_logistic_regression,countercontex,202,0.8,True,0.5,0.8405177925318418,1.0,0.784,0.16872656621373894,748.1310325720115
e4,give_me_some_credit,retained_logistic_regression,countercontex,202,0.8,True,0.6,0.8405177925318418,1.0,0.784,0.16872656621373894,748.1310325720115
e4,give_me_some_credit,retained_logistic_regression,countercontex,202,0.8,True,0.7,0.8405177925318418,1.0,0.784,0.16872656621373894,748.1310325720115
e4,give_me_some_credit,retained_logistic_regression,countercontex,202,0.8,True,0.8,0.8405177925318418,1.0,0.784,0.16872656621373894,748.1310325720115
e4,give_me_some_credit,retained_logistic_regression,countercontex,202,0.8,True,0.9,0.8405177925318418,0.0663265306122449,0.784,0.16872656621373894,748.1310325720115
e4,give_me_some_credit,retained_logistic_regression,countercontex,303,0.8,True,0.5,0.8405177925318418,1.0,0.784,0.16872656621373894,689.5861285899882
e4,give_me_some_credit,retained_logistic_regression,countercontex,303,0.8,True,0.6,0.8405177925318418,1.0,0.784,0.16872656621373894,689.5861285899882
e4,give_me_some_credit,retained_logistic_regression,countercontex,303,0.8,True,0.7,0.8405177925318418,1.0,0.784,0.16872656621373894,689.5861285899882
e4,give_me_some_credit,retained_logistic_regression,countercontex,303,0.8,True,0.8,0.8405177925318418,1.0,0.784,0.16872656621373894,689.5861285899882
e4,give_me_some_credit,retained_logistic_regression,countercontex,303,0.8,True,0.9,0.8405177925318418,0.0663265306122449,0.784,0.16872656621373894,689.5861285899882
e4,give_me_some_credit,retained_logistic_regression,countercontex,17,0.9,False,0.5,0.9168859374868965,1.0,0.564,0.21398923734091368,243.50588370201876
e4,give_me_some_credit,retained_logistic_regression,countercontex,17,0.9,False,0.6,0.9168859374868965,1.0,0.564,0.21398923734091368,243.50588370201876
e4,give_me_some_credit,retained_logistic_regression,countercontex,17,0.9,False,0.7,0.9168859374868965,1.0,0.564,0.21398923734091368,243.50588370201876
e4,give_me_some_credit,retained_logistic_regression,countercontex,17,0.9,False,0.8,0.9168859374868965,1.0,0.564,0.21398923734091368,243.50588370201876
e4,give_me_some_credit,retained_logistic_regression,countercontex,17,0.9,False,0.9,0.9168859374868965,1.0,0.564,0.21398923734091368,243.50588370201876
e4,give_me_some_credit,retained_logistic_regression,countercontex,42,0.9,False,0.5,0.9168859374868965,1.0,0.564,0.21398923734091368,229.68378301197663
e4,give_me_some_credit,retained_logistic_regression,countercontex,42,0.9,False,0.6,0.9168859374868965,1.0,0.564,0.21398923734091368,229.68378301197663
e4,give_me_some_credit,retained_logistic_regression,countercontex,42,0.9,False,0.7,0.9168859374868965,1.0,0.564,0.21398923734091368,229.68378301197663
e4,give_me_some_credit,retained_logistic_regression,countercontex,42,0.9,False,0.8,0.9168859374868965,1.0,0.564,0.21398923734091368,229.68378301197663
e4,give_me_some_credit,retained_logistic_regression,countercontex,42,0.9,False,0.9,0.9168859374868965,1.0,0.564,0.21398923734091368,229.68378301197663
e4,give_me_some_credit,retained_logistic_regression,countercontex,101,0.9,False,0.5,0.9168859374868965,1.0,0.564,0.21398923734091368,219.23621457797708
e4,give_me_some_credit,retained_logistic_regression,countercontex,101,0.9,False,0.6,0.9168859374868965,1.0,0.564,0.21398923734091368,219.23621457797708
e4,give_me_some_credit,retained_logistic_regression,countercontex,101,0.9,False,0.7,0.9168859374868965,1.0,0.564,0.21398923734091368,219.23621457797708
e4,give_me_some_credit,retained_logistic_regression,countercontex,101,0.9,False,0.8,0.9168859374868965,1.0,0.564,0.21398923734091368,219.23621457797708
e4,give_me_some_credit,retained_logistic_regression,countercontex,101,0.9,False,0.9,0.9168859374868965,1.0,0.564,0.21398923734091368,219.23621457797708
e4,give_me_some_credit,retained_logistic_regression,countercontex,202,0.9,False,0.5,0.9168859374868965,1.0,0.564,0.21398923734091368,275.63634637597715
e4,give_me_some_credit,retained_logistic_regression,countercontex,202,0.9,False,0.6,0.9168859374868965,1.0,0.564,0.21398923734091368,275.63634637597715
e4,give_me_some_credit,retained_logistic_regression,countercontex,202,0.9,False,0.7,0.9168859374868965,1.0,0.564,0.21398923734091368,275.63634637597715
e4,give_me_some_credit,retained_logistic_regression,countercontex,202,0.9,False,0.8,0.9168859374868965,1.0,0.564,0.21398923734091368,275.63634637597715
e4,give_me_some_credit,retained_logistic_regression,countercontex,202,0.9,False,0.9,0.9168859374868965,1.0,0.564,0.21398923734091368,275.63634637597715
e4,give_me_some_credit,retained_logistic_regression,countercontex,303,0.9,False,0.5,0.9168859374868965,1.0,0.564,0.21398923734091368,273.03677296999376
e4,give_me_some_credit,retained_logistic_regression,countercontex,303,0.9,False,0.6,0.9168859374868965,1.0,0.564,0.21398923734091368,273.03677296999376
e4,give_me_some_credit,retained_logistic_regression,countercontex,303,0.9,False,0.7,0.9168859374868965,1.0,0.564,0.21398923734091368,273.03677296999376
e4,give_me_some_credit,retained_logistic_regression,countercontex,303,0.9,False,0.8,0.9168859374868965,1.0,0.564,0.21398923734091368,273.03677296999376
e4,give_me_some_credit,retained_logistic_regression,countercontex,303,0.9,False,0.9,0.9168859374868965,1.0,0.564,0.21398923734091368,273.03677296999376
e4,give_me_some_credit,retained_logistic_regression,countercontex,17,0.9,True,0.5,0.9219954706403163,1.0,0.612,0.22607417873708419,1069.7668188370299
e4,give_me_some_credit,retained_logistic_regression,countercontex,17,0.9,True,0.6,0.9219954706403163,1.0,0.612,0.22607417873708419,1069.7668188370299
e4,give_me_some_credit,retained_logistic_regression,countercontex,17,0.9,True,0.7,0.9219954706403163,1.0,0.612,0.22607417873708419,1069.7668188370299
e4,give_me_some_credit,retained_logistic_regression,countercontex,17,0.9,True,0.8,0.9219954706403163,1.0,0.612,0.22607417873708419,1069.7668188370299
e4,give_me_some_credit,retained_logistic_regression,countercontex,17,0.9,True,0.9,0.9219954706403163,1.0,0.612,0.22607417873708419,1069.7668188370299
e4,give_me_some_credit,retained_logistic_regression,countercontex,42,0.9,True,0.5,0.9219954706403163,1.0,0.612,0.22607417873708419,913.8998500000453
e4,give_me_some_credit,retained_logistic_regression,countercontex,42,0.9,True,0.6,0.9219954706403163,1.0,0.612,0.22607417873708419,913.8998500000453
e4,give_me_some_credit,retained_logistic_regression,countercontex,42,0.9,True,0.7,0.9219954706403163,1.0,0.612,0.22607417873708419,913.8998500000453
e4,give_me_some_credit,retained_logistic_regression,countercontex,42,0.9,True,0.8,0.9219954706403163,1.0,0.612,0.22607417873708419,913.8998500000453
e4,give_me_some_credit,retained_logistic_regression,countercontex,42,0.9,True,0.9,0.9219954706403163,1.0,0.612,0.22607417873708419,913.8998500000453
e4,give_me_some_credit,retained_logistic_regression,countercontex,101,0.9,True,0.5,0.9219954706403163,1.0,0.612,0.22607417873708419,966.300353123981
e4,give_me_some_credit,retained_logistic_regression,countercontex,101,0.9,True,0.6,0.9219954706403163,1.0,0.612,0.22607417873708419,966.300353123981
e4,give_me_some_credit,retained_logistic_regression,countercontex,101,0.9,True,0.7,0.9219954706403163,1.0,0.612,0.22607417873708419,966.300353123981
e4,give_me_some_credit,retained_logistic_regression,countercontex,101,0.9,True,0.8,0.9219954706403163,1.0,0.612,0.22607417873708419,966.300353123981
e4,give_me_some_credit,retained_logistic_regression,countercontex,101,0.9,True,0.9,0.9219954706403163,1.0,0.612,0.22607417873708419,966.300353123981
e4,give_me_some_credit,retained_logistic_regression,countercontex,202,0.9,True,0.5,0.9219954706403163,1.0,0.612,0.22607417873708419,901.8349179399665
e4,give_me_some_credit,retained_logistic_regression,countercontex,202,0.9,True,0.6,0.9219954706403163,1.0,0.612,0.22607417873708419,901.8349179399665
e4,give_me_some_credit,retained_logistic_regression,countercontex,202,0.9,True,0.7,0.9219954706403163,1.0,0.612,0.22607417873708419,901.8349179399665
e4,give_me_some_credit,retained_logistic_regression,countercontex,202,0.9,True,0.8,0.9219954706403163,1.0,0.612,0.22607417873708419,901.8349179399665
e4,give_me_some_credit,retained_logistic_regression,countercontex,202,0.9,True,0.9,0.9219954706403163,1.0,0.612,0.22607417873708419,901.8349179399665
e4,give_me_some_credit,retained_logistic_regression,countercontex,303,0.9,True,0.5,0.9219954706403163,1.0,0.612,0.22607417873708419,1069.5831521130167
e4,give_me_some_credit,retained_logistic_regression,countercontex,303,0.9,True,0.6,0.9219954706403163,1.0,0.612,0.22607417873708419,1069.5831521130167
e4,give_me_some_credit,retained_logistic_regression,countercontex,303,0.9,True,0.7,0.9219954706403163,1.0,0.612,0.22607417873708419,1069.5831521130167
e4,give_me_some_credit,retained_logistic_regression,countercontex,303,0.9,True,0.8,0.9219954706403163,1.0,0.612,0.22607417873708419,1069.5831521130167
e4,give_me_some_credit,retained_logistic_regression,countercontex,303,0.9,True,0.9,0.9219954706403163,1.0,0.612,0.22607417873708419,1069.5831521130167
e4,adult_census,retained_logistic_regression,countercontex,17,0.5,False,0.5,0.581736756845592,1.0,0.928,0.09968284608427437,124.77218208299018
e4,adult_census,retained_logistic_regression,countercontex,17,0.5,False,0.6,0.581736756845592,0.28879310344827586,0.928,0.09968284608427437,124.77218208299018
e4,adult_census,retained_logistic_regression,countercontex,17,0.5,False,0.7,0.581736756845592,0.08620689655172414,0.928,0.09968284608427437,124.77218208299018
e4,adult_census,retained_logistic_regression,countercontex,17,0.5,False,0.8,0.581736756845592,0.034482758620689655,0.928,0.09968284608427437,124.77218208299018
e4,adult_census,retained_logistic_regression,countercontex,17,0.5,False,0.9,0.581736756845592,0.017241379310344827,0.928,0.09968284608427437,124.77218208299018
e4,adult_census,retained_logistic_regression,countercontex,42,0.5,False,0.5,0.581736756845592,1.0,0.928,0.09968284608427437,113.9428757650312
e4,adult_census,retained_logistic_regression,countercontex,42,0.5,False,0.6,0.581736756845592,0.28879310344827586,0.928,0.09968284608427437,113.9428757650312
e4,adult_census,retained_logistic_regression,countercontex,42,0.5,False,0.7,0.581736756845592,0.08620689655172414,0.928,0.09968284608427437,113.9428757650312
e4,adult_census,retained_logistic_regression,countercontex,42,0.5,False,0.8,0.581736756845592,0.034482758620689655,0.928,0.09968284608427437,113.9428757650312
e4,adult_census,retained_logistic_regression,countercontex,42,0.5,False,0.9,0.581736756845592,0.017241379310344827,0.928,0.09968284608427437,113.9428757650312
e4,adult_census,retained_logistic_regression,countercontex,101,0.5,False,0.5,0.581736756845592,1.0,0.928,0.09968284608427437,142.52102338394616
e4,adult_census,retained_logistic_regression,countercontex,101,0.5,False,0.6,0.581736756845592,0.28879310344827586,0.928,0.09968284608427437,142.52102338394616
e4,adult_census,retained_logistic_regression,countercontex,101,0.5,False,0.7,0.581736756845592,0.08620689655172414,0.928,0.09968284608427437,142.52102338394616
e4,adult_census,retained_logistic_regression,countercontex,101,0.5,False,0.8,0.581736756845592,0.034482758620689655,0.928,0.09968284608427437,142.52102338394616
e4,adult_census,retained_logistic_regression,countercontex,101,0.5,False,0.9,0.581736756845592,0.017241379310344827,0.928,0.09968284608427437,142.52102338394616
e4,adult_census,retained_logistic_regression,countercontex,202,0.5,False,0.5,0.581736756845592,1.0,0.928,0.09968284608427437,125.0577264809981
e4,adult_census,retained_logistic_regression,countercontex,202,0.5,False,0.6,0.581736756845592,0.28879310344827586,0.928,0.09968284608427437,125.0577264809981
e4,adult_census,retained_logistic_regression,countercontex,202,0.5,False,0.7,0.581736756845592,0.08620689655172414,0.928,0.09968284608427437,125.0577264809981
e4,adult_census,retained_logistic_regression,countercontex,202,0.5,False,0.8,0.581736756845592,0.034482758620689655,0.928,0.09968284608427437,125.0577264809981
e4,adult_census,retained_logistic_regression,countercontex,202,0.5,False,0.9,0.581736756845592,0.017241379310344827,0.928,0.09968284608427437,125.0577264809981
e4,adult_census,retained_logistic_regression,countercontex,303,0.5,False,0.5,0.581736756845592,1.0,0.928,0.09968284608427437,128.76939103199402
e4,adult_census,retained_logistic_regression,countercontex,303,0.5,False,0.6,0.581736756845592,0.28879310344827586,0.928,0.09968284608427437,128.76939103199402
e4,adult_census,retained_logistic_regression,countercontex,303,0.5,False,0.7,0.581736756845592,0.08620689655172414,0.928,0.09968284608427437,128.76939103199402
e4,adult_census,retained_logistic_regression,countercontex,303,0.5,False,0.8,0.581736756845592,0.034482758620689655,0.928,0.09968284608427437,128.76939103199402
e4,adult_census,retained_logistic_regression,countercontex,303,0.5,False,0.9,0.581736756845592,0.017241379310344827,0.928,0.09968284608427437,128.76939103199402
e4,adult_census,retained_logistic_regression,countercontex,17,0.5,True,0.5,0.5430964771589404,1.0,0.984,0.08728122355606634,271.7219908689731
e4,adult_census,retained_logistic_regression,countercontex,17,0.5,True,0.6,0.5430964771589404,0.11382113821138211,0.984,0.08728122355606634,271.7219908689731
e4,adult_census,retained_logistic_regression,countercontex,17,0.5,True,0.7,0.5430964771589404,0.024390243902439025,0.984,0.08728122355606634,271.7219908689731
e4,adult_census,retained_logistic_regression,countercontex,17,0.5,True,0.8,0.5430964771589404,0.012195121951219513,0.984,0.08728122355606634,271.7219908689731
e4,adult_census,retained_logistic_regression,countercontex,17,0.5,True,0.9,0.5430964771589404,0.012195121951219513,0.984,0.08728122355606634,271.7219908689731
e4,adult_census,retained_logistic_regression,countercontex,42,0.5,True,0.5,0.5430964771589404,1.0,0.984,0.08728122355606634,287.70726116298465
e4,adult_census,retained_logistic_regression,countercontex,42,0.5,True,0.6,0.5430964771589404,0.11382113821138211,0.984,0.08728122355606634,287.70726116298465
e4,adult_census,retained_logistic_regression,countercontex,42,0.5,True,0.7,0.5430964771589404,0.024390243902439025,0.984,0.08728122355606634,287.70726116298465
e4,adult_census,retained_logistic_regression,countercontex,42,0.5,True,0.8,0.5430964771589404,0.012195121951219513,0.984,0.08728122355606634,287.70726116298465
e4,adult_census,retained_logistic_regression,countercontex,42,0.5,True,0.9,0.5430964771589404,0.012195121951219513,0.984,0.08728122355606634,287.70726116298465
e4,adult_census,retained_logistic_regression,countercontex,101,0.5,True,0.5,0.5430964771589404,1.0,0.984,0.08728122355606634,291.26169390400173
e4,adult_census,retained_logistic_regression,countercontex,101,0.5,True,0.6,0.5430964771589404,0.11382113821138211,0.984,0.08728122355606634,291.26169390400173
e4,adult_census,retained_logistic_regression,countercontex,101,0.5,True,0.7,0.5430964771589404,0.024390243902439025,0.984,0.08728122355606634,291.26169390400173
e4,adult_census,retained_logistic_regression,countercontex,101,0.5,True,0.8,0.5430964771589404,0.012195121951219513,0.984,0.08728122355606634,291.26169390400173
e4,adult_census,retained_logistic_regression,countercontex,101,0.5,True,0.9,0.5430964771589404,0.012195121951219513,0.984,0.08728122355606634,291.26169390400173
e4,adult_census,retained_logistic_regression,countercontex,202,0.5,True,0.5,0.5430964771589404,1.0,0.984,0.08728122355606634,260.1366790619795
e4,adult_census,retained_logistic_regression,countercontex,202,0.5,True,0.6,0.5430964771589404,0.11382113821138211,0.984,0.08728122355606634,260.1366790619795
e4,adult_census,retained_logistic_regression,countercontex,202,0.5,True,0.7,0.5430964771589404,0.024390243902439025,0.984,0.08728122355606634,260.1366790619795
e4,adult_census,retained_logistic_regression,countercontex,202,0.5,True,0.8,0.5430964771589404,0.012195121951219513,0.984,0.08728122355606634,260.1366790619795
e4,adult_census,retained_logistic_regression,countercontex,202,0.5,True,0.9,0.5430964771589404,0.012195121951219513,0.984,0.08728122355606634,260.1366790619795
e4,adult_census,retained_logistic_regression,countercontex,303,0.5,True,0.5,0.5430964771589404,1.0,0.984,0.08728122355606634,266.01580265001394
e4,adult_census,retained_logistic_regression,countercontex,303,0.5,True,0.6,0.5430964771589404,0.11382113821138211,0.984,0.08728122355606634,266.01580265001394
e4,adult_census,retained_logistic_regression,countercontex,303,0.5,True,0.7,0.5430964771589404,0.024390243902439025,0.984,0.08728122355606634,266.01580265001394
e4,adult_census,retained_logistic_regression,countercontex,303,0.5,True,0.8,0.5430964771589404,0.012195121951219513,0.984,0.08728122355606634,266.01580265001394
e4,adult_census,retained_logistic_regression,countercontex,303,0.5,True,0.9,0.5430964771589404,0.012195121951219513,0.984,0.08728122355606634,266.01580265001394
e4,adult_census,retained_logistic_regression,countercontex,17,0.6,False,0.5,0.6712474792766463,1.0,0.904,0.1111525941262375,145.0986295870389
e4,adult_census,retained_logistic_regression,countercontex,17,0.6,False,0.6,0.6712474792766463,1.0,0.904,0.1111525941262375,145.0986295870389
e4,adult_census,retained_logistic_regression,countercontex,17,0.6,False,0.7,0.6712474792766463,0.24778761061946902,0.904,0.1111525941262375,145.0986295870389
e4,adult_census,retained_logistic_regression,countercontex,17,0.6,False,0.8,0.6712474792766463,0.07964601769911504,0.904,0.1111525941262375,145.0986295870389
e4,adult_census,retained_logistic_regression,countercontex,17,0.6,False,0.9,0.6712474792766463,0.02654867256637168,0.904,0.1111525941262375,145.0986295870389
e4,adult_census,retained_logistic_regression,countercontex,42,0.6,False,0.5,0.6712474792766463,1.0,0.904,0.1111525941262375,140.40181330195628
e4,adult_census,retained_logistic_regression,countercontex,42,0.6,False,0.6,0.6712474792766463,1.0,0.904,0.1111525941262375,140.40181330195628
e4,adult_census,retained_logistic_regression,countercontex,42,0.6,False,0.7,0.6712474792766463,0.24778761061946902,0.904,0.1111525941262375,140.40181330195628
e4,adult_census,retained_logistic_regression,countercontex,42,0.6,False,0.8,0.6712474792766463,0.07964601769911504,0.904,0.1111525941262375,140.40181330195628
e4,adult_census,retained_logistic_regression,countercontex,42,0.6,False,0.9,0.6712474792766463,0.02654867256637168,0.904,0.1111525941262375,140.40181330195628
e4,adult_census,retained_logistic_regression,countercontex,101,0.6,False,0.5,0.6712474792766463,1.0,0.904,0.1111525941262375,139.81859078002162
e4,adult_census,retained_logistic_regression,countercontex,101,0.6,False,0.6,0.6712474792766463,1.0,0.904,0.1111525941262375,139.81859078002162
e4,adult_census,retained_logistic_regression,countercontex,101,0.6,False,0.7,0.6712474792766463,0.24778761061946902,0.904,0.1111525941262375,139.81859078002162
e4,adult_census,retained_logistic_regression,countercontex,101,0.6,False,0.8,0.6712474792766463,0.07964601769911504,0.904,0.1111525941262375,139.81859078002162
e4,adult_census,retained_logistic_regression,countercontex,101,0.6,False,0.9,0.6712474792766463,0.02654867256637168,0.904,0.1111525941262375,139.81859078002162
e4,adult_census,retained_logistic_regression,countercontex,202,0.6,False,0.5,0.6712474792766463,1.0,0.904,0.1111525941262375,150.507042629004
e4,adult_census,retained_logistic_regression,countercontex,202,0.6,False,0.6,0.6712474792766463,1.0,0.904,0.1111525941262375,150.507042629004
e4,adult_census,retained_logistic_regression,countercontex,202,0.6,False,0.7,0.6712474792766463,0.24778761061946902,0.904,0.1111525941262375,150.507042629004
e4,adult_census,retained_logistic_regression,countercontex,202,0.6,False,0.8,0.6712474792766463,0.07964601769911504,0.904,0.1111525941262375,150.507042629004
e4,adult_census,retained_logistic_regression,countercontex,202,0.6,False,0.9,0.6712474792766463,0.02654867256637168,0.904,0.1111525941262375,150.507042629004
e4,adult_census,retained_logistic_regression,countercontex,303,0.6,False,0.5,0.6712474792766463,1.0,0.904,0.1111525941262375,146.68328826705692
e4,adult_census,retained_logistic_regression,countercontex,303,0.6,False,0.6,0.6712474792766463,1.0,0.904,0.1111525941262375,146.68328826705692
e4,adult_census,retained_logistic_regression,countercontex,303,0.6,False,0.7,0.6712474792766463,0.24778761061946902,0.904,0.1111525941262375,146.68328826705692
e4,adult_census,retained_logistic_regression,countercontex,303,0.6,False,0.8,0.6712474792766463,0.07964601769911504,0.904,0.1111525941262375,146.68328826705692
e4,adult_census,retained_logistic_regression,countercontex,303,0.6,False,0.9,0.6712474792766463,0.02654867256637168,0.904,0.1111525941262375,146.68328826705692
e4,adult_census,retained_logistic_regression,countercontex,17,0.6,True,0.5,0.6432631619335312,1.0,0.976,0.09750648244420788,319.714554064034
e4,adult_census,retained_logistic_regression,countercontex,17,0.6,True,0.6,0.6432631619335312,1.0,0.976,0.09750648244420788,319.714554064034
e4,adult_census,retained_logistic_regression,countercontex,17,0.6,True,0.7,0.6432631619335312,0.11065573770491803,0.976,0.09750648244420788,319.714554064034
e4,adult_census,retained_logistic_regression,countercontex,17,0.6,True,0.8,0.6432631619335312,0.02459016393442623,0.976,0.09750648244420788,319.714554064034
e4,adult_census,retained_logistic_regression,countercontex,17,0.6,True,0.9,0.6432631619335312,0.012295081967213115,0.976,0.09750648244420788,319.714554064034
e4,adult_census,retained_logistic_regression,countercontex,42,0.6,True,0.5,0.6432631619335312,1.0,0.976,0.09750648244420788,289.9360357320402
e4,adult_census,retained_logistic_regression,countercontex,42,0.6,True,0.6,0.6432631619335312,1.0,0.976,0.09750648244420788,289.9360357320402
e4,adult_census,retained_logistic_regression,countercontex,42,0.6,True,0.7,0.6432631619335312,0.11065573770491803,0.976,0.09750648244420788,289.9360357320402
e4,adult_census,retained_logistic_regression,countercontex,42,0.6,True,0.8,0.6432631619335312,0.02459016393442623,0.976,0.09750648244420788,289.9360357320402
e4,adult_census,retained_logistic_regression,countercontex,42,0.6,True,0.9,0.6432631619335312,0.012295081967213115,0.976,0.09750648244420788,289.9360357320402
e4,adult_census,retained_logistic_regression,countercontex,101,0.6,True,0.5,0.6432631619335312,1.0,0.976,0.09750648244420788,295.45744440105045
e4,adult_census,retained_logistic_regression,countercontex,101,0.6,True,0.6,0.6432631619335312,1.0,0.976,0.09750648244420788,295.45744440105045
e4,adult_census,retained_logistic_regression,countercontex,101,0.6,True,0.7,0.6432631619335312,0.11065573770491803,0.976,0.09750648244420788,295.45744440105045
e4,adult_census,retained_logistic_regression,countercontex,101,0.6,True,0.8,0.6432631619335312,0.02459016393442623,0.976,0.09750648244420788,295.45744440105045
e4,adult_census,retained_logistic_regression,countercontex,101,0.6,True,0.9,0.6432631619335312,0.012295081967213115,0.976,0.09750648244420788,295.45744440105045
e4,adult_census,retained_logistic_regression,countercontex,202,0.6,True,0.5,0.6432631619335312,1.0,0.976,0.09750648244420788,326.6190333599807
e4,adult_census,retained_logistic_regression,countercontex,202,0.6,True,0.6,0.6432631619335312,1.0,0.976,0.09750648244420788,326.6190333599807
e4,adult_census,retained_logistic_regression,countercontex,202,0.6,True,0.7,0.6432631619335312,0.11065573770491803,0.976,0.09750648244420788,326.6190333599807
e4,adult_census,retained_logistic_regression,countercontex,202,0.6,True,0.8,0.6432631619335312,0.02459016393442623,0.976,0.09750648244420788,326.6190333599807
e4,adult_census,retained_logistic_regression,countercontex,202,0.6,True,0.9,0.6432631619335312,0.012295081967213115,0.976,0.09750648244420788,326.6190333599807
e4,adult_census,retained_logistic_regression,countercontex,303,0.6,True,0.5,0.6432631619335312,1.0,0.976,0.09750648244420788,290.2647988270037
e4,adult_census,retained_logistic_regression,countercontex,303,0.6,True,0.6,0.6432631619335312,1.0,0.976,0.09750648244420788,290.2647988270037
e4,adult_census,retained_logistic_regression,countercontex,303,0.6,True,0.7,0.6432631619335312,0.11065573770491803,0.976,0.09750648244420788,290.2647988270037
e4,adult_census,retained_logistic_regression,countercontex,303,0.6,True,0.8,0.6432631619335312,0.02459016393442623,0.976,0.09750648244420788,290.2647988270037
e4,adult_census,retained_logistic_regression,countercontex,303,0.6,True,0.9,0.6432631619335312,0.012295081967213115,0.976,0.09750648244420788,290.2647988270037
e4,adult_census,retained_logistic_regression,countercontex,17,0.7,False,0.5,0.762557473327931,1.0,0.876,0.12290976553645239,140.34422631503548
e4,adult_census,retained_logistic_regression,countercontex,17,0.7,False,0.6,0.762557473327931,1.0,0.876,0.12290976553645239,140.34422631503548
e4,adult_census,retained_logistic_regression,countercontex,17,0.7,False,0.7,0.762557473327931,1.0,0.876,0.12290976553645239,140.34422631503548
e4,adult_census,retained_logistic_regression,countercontex,17,0.7,False,0.8,0.762557473327931,0.2146118721461187,0.876,0.12290976553645239,140.34422631503548
e4,adult_census,retained_logistic_regression,countercontex,17,0.7,False,0.9,0.762557473327931,0.0502283105022831,0.876,0.12290976553645239,140.34422631503548
e4,adult_census,retained_logistic_regression,countercontex,42,0.7,False,0.5,0.762557473327931,1.0,0.876,0.12290976553645239,150.765317561978
e4,adult_census,retained_logistic_regression,countercontex,42,0.7,False,0.6,0.762557473327931,1.0,0.876,0.12290976553645239,150.765317561978
e4,adult_census,retained_logistic_regression,countercontex,42,0.7,False,0.7,0.762557473327931,1.0,0.876,0.12290976553645239,150.765317561978
e4,adult_census,retained_logistic_regression,countercontex,42,0.7,False,0.8,0.762557473327931,0.2146118721461187,0.876,0.12290976553645239,150.765317561978
e4,adult_census,retained_logistic_regression,countercontex,42,0.7,False,0.9,0.762557473327931,0.0502283105022831,0.876,0.12290976553645239,150.765317561978
e4,adult_census,retained_logistic_regression,countercontex,101,0.7,False,0.5,0.762557473327931,1.0,0.876,0.12290976553645239,151.49800746602705
e4,adult_census,retained_logistic_regression,countercontex,101,0.7,False,0.6,0.762557473327931,1.0,0.876,0.12290976553645239,151.49800746602705
e4,adult_census,retained_logistic_regression,countercontex,101,0.7,False,0.7,0.762557473327931,1.0,0.876,0.12290976553645239,151.49800746602705
e4,adult_census,retained_logistic_regression,countercontex,101,0.7,False,0.8,0.762557473327931,0.2146118721461187,0.876,0.12290976553645239,151.49800746602705
e4,adult_census,retained_logistic_regression,countercontex,101,0.7,False,0.9,0.762557473327931,0.0502283105022831,0.876,0.12290976553645239,151.49800746602705
e4,adult_census,retained_logistic_regression,countercontex,202,0.7,False,0.5,0.762557473327931,1.0,0.876,0.12290976553645239,147.39003711595433
e4,adult_census,retained_logistic_regression,countercontex,202,0.7,False,0.6,0.762557473327931,1.0,0.876,0.12290976553645239,147.39003711595433
e4,adult_census,retained_logistic_regression,countercontex,202,0.7,False,0.7,0.762557473327931,1.0,0.876,0.12290976553645239,147.39003711595433
e4,adult_census,retained_logistic_regression,countercontex,202,0.7,False,0.8,0.762557473327931,0.2146118721461187,0.876,0.12290976553645239,147.39003711595433
e4,adult_census,retained_logistic_regression,countercontex,202,0.7,False,0.9,0.762557473327931,0.0502283105022831,0.876,0.12290976553645239,147.39003711595433
e4,adult_census,retained_logistic_regression,countercontex,303,0.7,False,0.5,0.762557473327931,1.0,0.876,0.12290976553645239,161.14111991296522
e4,adult_census,retained_logistic_regression,countercontex,303,0.7,False,0.6,0.762557473327931,1.0,0.876,0.12290976553645239,161.14111991296522
e4,adult_census,retained_logistic_regression,countercontex,303,0.7,False,0.7,0.762557473327931,1.0,0.876,0.12290976553645239,161.14111991296522
e4,adult_census,retained_logistic_regression,countercontex,303,0.7,False,0.8,0.762557473327931,0.2146118721461187,0.876,0.12290976553645239,161.14111991296522
e4,adult_census,retained_logistic_regression,countercontex,303,0.7,False,0.9,0.762557473327931,0.0502283105022831,0.876,0.12290976553645239,161.14111991296522
e4,adult_census,retained_logistic_regression,countercontex,17,0.7,True,0.5,0.7432413089710234,1.0,0.96,0.10915797281951406,302.6975738790352
e4,adult_census,retained_logistic_regression,countercontex,17,0.7,True,0.6,0.7432413089710234,1.0,0.96,0.10915797281951406,302.6975738790352
e4,adult_census,retained_logistic_regression,countercontex,17,0.7,True,0.7,0.7432413089710234,1.0,0.96,0.10915797281951406,302.6975738790352
e4,adult_census,retained_logistic_regression,countercontex,17,0.7,True,0.8,0.7432413089710234,0.13333333333333333,0.96,0.10915797281951406,302.6975738790352
e4,adult_census,retained_logistic_regression,countercontex,17,0.7,True,0.9,0.7432413089710234,0.029166666666666667,0.96,0.10915797281951406,302.6975738790352
e4,adult_census,retained_logistic_regression,countercontex,42,0.7,True,0.5,0.7432413089710234,1.0,0.96,0.10915797281951406,308.3615382789867
e4,adult_census,retained_logistic_regression,countercontex,42,0.7,True,0.6,0.7432413089710234,1.0,0.96,0.10915797281951406,308.3615382789867
e4,adult_census,retained_logistic_regression,countercontex,42,0.7,True,0.7,0.7432413089710234,1.0,0.96,0.10915797281951406,308.3615382789867
e4,adult_census,retained_logistic_regression,countercontex,42,0.7,True,0.8,0.7432413089710234,0.13333333333333333,0.96,0.10915797281951406,308.3615382789867
e4,adult_census,retained_logistic_regression,countercontex,42,0.7,True,0.9,0.7432413089710234,0.029166666666666667,0.96,0.10915797281951406,308.3615382789867
e4,adult_census,retained_logistic_regression,countercontex,101,0.7,True,0.5,0.7432413089710234,1.0,0.96,0.10915797281951406,344.6431056400761
e4,adult_census,retained_logistic_regression,countercontex,101,0.7,True,0.6,0.7432413089710234,1.0,0.96,0.10915797281951406,344.6431056400761
e4,adult_census,retained_logistic_regression,countercontex,101,0.7,True,0.7,0.7432413089710234,1.0,0.96,0.10915797281951406,344.6431056400761
e4,adult_census,retained_logistic_regression,countercontex,101,0.7,True,0.8,0.7432413089710234,0.13333333333333333,0.96,0.10915797281951406,344.6431056400761
e4,adult_census,retained_logistic_regression,countercontex,101,0.7,True,0.9,0.7432413089710234,0.029166666666666667,0.96,0.10915797281951406,344.6431056400761
e4,adult_census,retained_logistic_regression,countercontex,202,0.7,True,0.5,0.7432413089710234,1.0,0.96,0.10915797281951406,296.23267044703243
e4,adult_census,retained_logistic_regression,countercontex,202,0.7,True,0.6,0.7432413089710234,1.0,0.96,0.10915797281951406,296.23267044703243
e4,adult_census,retained_logistic_regression,countercontex,202,0.7,True,0.7,0.7432413089710234,1.0,0.96,0.10915797281951406,296.23267044703243
e4,adult_census,retained_logistic_regression,countercontex,202,0.7,True,0.8,0.7432413089710234,0.13333333333333333,0.96,0.10915797281951406,296.23267044703243
e4,adult_census,retained_logistic_regression,countercontex,202,0.7,True,0.9,0.7432413089710234,0.029166666666666667,0.96,0.10915797281951406,296.23267044703243
e4,adult_census,retained_logistic_regression,countercontex,303,0.7,True,0.5,0.7432413089710234,1.0,0.96,0.10915797281951406,325.04338611400453
e4,adult_census,retained_logistic_regression,countercontex,303,0.7,True,0.6,0.7432413089710234,1.0,0.96,0.10915797281951406,325.04338611400453
e4,adult_census,retained_logistic_regression,countercontex,303,0.7,True,0.7,0.7432413089710234,1.0,0.96,0.10915797281951406,325.04338611400453
e4,adult_census,retained_logistic_regression,countercontex,303,0.7,True,0.8,0.7432413089710234,0.13333333333333333,0.96,0.10915797281951406,325.04338611400453
e4,adult_census,retained_logistic_regression,countercontex,303,0.7,True,0.9,0.7432413089710234,0.029166666666666667,0.96,0.10915797281951406,325.04338611400453
e4,adult_census,retained_logistic_regression,countercontex,17,0.8,False,0.5,0.8425862909713578,1.0,0.848,0.14745998793334072,169.14758444798645
e4,adult_census,retained_logistic_regression,countercontex,17,0.8,False,0.6,0.8425862909713578,1.0,0.848,0.14745998793334072,169.14758444798645
e4,adult_census,retained_logistic_regression,countercontex,17,0.8,False,0.7,0.8425862909713578,1.0,0.848,0.14745998793334072,169.14758444798645
e4,adult_census,retained_logistic_regression,countercontex,17,0.8,False,0.8,0.8425862909713578,1.0,0.848,0.14745998793334072,169.14758444798645
e4,adult_census,retained_logistic_regression,countercontex,17,0.8,False,0.9,0.8425862909713578,0.09905660377358491,0.848,0.14745998793334072,169.14758444798645
e4,adult_census,retained_logistic_regression,countercontex,42,0.8,False,0.5,0.8425862909713578,1.0,0.848,0.14745998793334072,189.79251553997165
e4,adult_census,retained_logistic_regression,countercontex,42,0.8,False,0.6,0.8425862909713578,1.0,0.848,0.14745998793334072,189.79251553997165
e4,adult_census,retained_logistic_regression,countercontex,42,0.8,False,0.7,0.8425862909713578,1.0,0.848,0.14745998793334072,189.79251553997165
e4,adult_census,retained_logistic_regression,countercontex,42,0.8,False,0.8,0.8425862909713578,1.0,0.848,0.14745998793334072,189.79251553997165
e4,adult_census,retained_logistic_regression,countercontex,42,0.8,False,0.9,0.8425862909713578,0.09905660377358491,0.848,0.14745998793334072,189.79251553997165
e4,adult_census,retained_logistic_regression,countercontex,101,0.8,False,0.5,0.8425862909713578,1.0,0.848,0.14745998793334072,186.98984514398035
e4,adult_census,retained_logistic_regression,countercontex,101,0.8,False,0.6,0.8425862909713578,1.0,0.848,0.14745998793334072,186.98984514398035
e4,adult_census,retained_logistic_regression,countercontex,101,0.8,False,0.7,0.8425862909713578,1.0,0.848,0.14745998793334072,186.98984514398035
e4,adult_census,retained_logistic_regression,countercontex,101,0.8,False,0.8,0.8425862909713578,1.0,0.848,0.14745998793334072,186.98984514398035
e4,adult_census,retained_logistic_regression,countercontex,101,0.8,False,0.9,0.8425862909713578,0.09905660377358491,0.848,0.14745998793334072,186.98984514398035
e4,adult_census,retained_logistic_regression,countercontex,202,0.8,False,0.5,0.8425862909713578,1.0,0.848,0.14745998793334072,158.98678330500843
e4,adult_census,retained_logistic_regression,countercontex,202,0.8,False,0.6,0.8425862909713578,1.0,0.848,0.14745998793334072,158.98678330500843
e4,adult_census,retained_logistic_regression,countercontex,202,0.8,False,0.7,0.8425862909713578,1.0,0.848,0.14745998793334072,158.98678330500843
e4,adult_census,retained_logistic_regression,countercontex,202,0.8,False,0.8,0.8425862909713578,1.0,0.848,0.14745998793334072,158.98678330500843
e4,adult_census,retained_logistic_regression,countercontex,202,0.8,False,0.9,0.8425862909713578,0.09905660377358491,0.848,0.14745998793334072,158.98678330500843
e4,adult_census,retained_logistic_regression,countercontex,303,0.8,False,0.5,0.8425862909713578,1.0,0.848,0.14745998793334072,168.69458988297265
e4,adult_census,retained_logistic_regression,countercontex,303,0.8,False,0.6,0.8425862909713578,1.0,0.848,0.14745998793334072,168.69458988297265
e4,adult_census,retained_logistic_regression,countercontex,303,0.8,False,0.7,0.8425862909713578,1.0,0.848,0.14745998793334072,168.69458988297265
e4,adult_census,retained_logistic_regression,countercontex,303,0.8,False,0.8,0.8425862909713578,1.0,0.848,0.14745998793334072,168.69458988297265
e4,adult_census,retained_logistic_regression,countercontex,303,0.8,False,0.9,0.8425862909713578,0.09905660377358491,0.848,0.14745998793334072,168.69458988297265
e4,adult_census,retained_logistic_regression,countercontex,17,0.8,True,0.5,0.8297202334767633,1.0,0.936,0.12347700938048835,386.52799501497066
e4,adult_census,retained_logistic_regression,countercontex,17,0.8,True,0.6,0.8297202334767633,1.0,0.936,0.12347700938048835,386.52799501497066
e4,adult_census,retained_logistic_regression,countercontex,17,0.8,True,0.7,0.8297202334767633,1.0,0.936,0.12347700938048835,386.52799501497066
e4,adult_census,retained_logistic_regression,countercontex,17,0.8,True,0.8,0.8297202334767633,1.0,0.936,0.12347700938048835,386.52799501497066
e4,adult_census,retained_logistic_regression,countercontex,17,0.8,True,0.9,0.8297202334767633,0.038461538461538464,0.936,0.12347700938048835,386.52799501497066
e4,adult_census,retained_logistic_regression,countercontex,42,0.8,True,0.5,0.8297202334767633,1.0,0.936,0.12347700938048835,362.425477701996
e4,adult_census,retained_logistic_regression,countercontex,42,0.8,True,0.6,0.8297202334767633,1.0,0.936,0.12347700938048835,362.425477701996
e4,adult_census,retained_logistic_regression,countercontex,42,0.8,True,0.7,0.8297202334767633,1.0,0.936,0.12347700938048835,362.425477701996
e4,adult_census,retained_logistic_regression,countercontex,42,0.8,True,0.8,0.8297202334767633,1.0,0.936,0.12347700938048835,362.425477701996
e4,adult_census,retained_logistic_regression,countercontex,42,0.8,True,0.9,0.8297202334767633,0.038461538461538464,0.936,0.12347700938048835,362.425477701996
e4,adult_census,retained_logistic_regression,countercontex,101,0.8,True,0.5,0.8297202334767633,1.0,0.936,0.12347700938048835,325.3996809000382
e4,adult_census,retained_logistic_regression,countercontex,101,0.8,True,0.6,0.8297202334767633,1.0,0.936,0.12347700938048835,325.3996809000382
e4,adult_census,retained_logistic_regression,countercontex,101,0.8,True,0.7,0.8297202334767633,1.0,0.936,0.12347700938048835,325.3996809000382
e4,adult_census,retained_logistic_regression,countercontex,101,0.8,True,0.8,0.8297202334767633,1.0,0.936,0.12347700938048835,325.3996809000382
e4,adult_census,retained_logistic_regression,countercontex,101,0.8,True,0.9,0.8297202334767633,0.038461538461538464,0.936,0.12347700938048835,325.3996809000382
e4,adult_census,retained_logistic_regression,countercontex,202,0.8,True,0.5,0.8297202334767633,1.0,0.936,0.12347700938048835,331.9966895399848
e4,adult_census,retained_logistic_regression,countercontex,202,0.8,True,0.6,0.8297202334767633,1.0,0.936,0.12347700938048835,331.9966895399848
e4,adult_census,retained_logistic_regression,countercontex,202,0.8,True,0.7,0.8297202334767633,1.0,0.936,0.12347700938048835,331.9966895399848
e4,adult_census,retained_logistic_regression,countercontex,202,0.8,True,0.8,0.8297202334767633,1.0,0.936,0.12347700938048835,331.9966895399848
e4,adult_census,retained_logistic_regression,countercontex,202,0.8,True,0.9,0.8297202334767633,0.038461538461538464,0.936,0.12347700938048835,331.9966895399848
e4,adult_census,retained_logistic_regression,countercontex,303,0.8,True,0.5,0.8297202334767633,1.0,0.936,0.12347700938048835,322.9512693270226
e4,adult_census,retained_logistic_regression,countercontex,303,0.8,True,0.6,0.8297202334767633,1.0,0.936,0.12347700938048835,322.9512693270226
e4,adult_census,retained_logistic_regression,countercontex,303,0.8,True,0.7,0.8297202334767633,1.0,0.936,0.12347700938048835,322.9512693270226
e4,adult_census,retained_logistic_regression,countercontex,303,0.8,True,0.8,0.8297202334767633,1.0,0.936,0.12347700938048835,322.9512693270226
e4,adult_census,retained_logistic_regression,countercontex,303,0.8,True,0.9,0.8297202334767633,0.038461538461538464,0.936,0.12347700938048835,322.9512693270226
e4,adult_census,retained_logistic_regression,countercontex,17,0.9,False,0.5,0.9225205024731987,1.0,0.828,0.2083586684094881,223.03705932403682
e4,adult_census,retained_logistic_regression,countercontex,17,0.9,False,0.6,0.9225205024731987,1.0,0.828,0.2083586684094881,223.03705932403682
e4,adult_census,retained_logistic_regression,countercontex,17,0.9,False,0.7,0.9225205024731987,1.0,0.828,0.2083586684094881,223.03705932403682
e4,adult_census,retained_logistic_regression,countercontex,17,0.9,False,0.8,0.9225205024731987,1.0,0.828,0.2083586684094881,223.03705932403682
e4,adult_census,retained_logistic_regression,countercontex,17,0.9,False,0.9,0.9225205024731987,1.0,0.828,0.2083586684094881,223.03705932403682
e4,adult_census,retained_logistic_regression,countercontex,42,0.9,False,0.5,0.9225205024731987,1.0,0.828,0.2083586684094881,187.62036913301563
e4,adult_census,retained_logistic_regression,countercontex,42,0.9,False,0.6,0.9225205024731987,1.0,0.828,0.2083586684094881,187.62036913301563
e4,adult_census,retained_logistic_regression,countercontex,42,0.9,False,0.7,0.9225205024731987,1.0,0.828,0.2083586684094881,187.62036913301563
e4,adult_census,retained_logistic_regression,countercontex,42,0.9,False,0.8,0.9225205024731987,1.0,0.828,0.2083586684094881,187.62036913301563
e4,adult_census,retained_logistic_regression,countercontex,42,0.9,False,0.9,0.9225205024731987,1.0,0.828,0.2083586684094881,187.62036913301563
e4,adult_census,retained_logistic_regression,countercontex,101,0.9,False,0.5,0.9225205024731987,1.0,0.828,0.2083586684094881,211.1586217440199
e4,adult_census,retained_logistic_regression,countercontex,101,0.9,False,0.6,0.9225205024731987,1.0,0.828,0.2083586684094881,211.1586217440199
e4,adult_census,retained_logistic_regression,countercontex,101,0.9,False,0.7,0.9225205024731987,1.0,0.828,0.2083586684094881,211.1586217440199
e4,adult_census,retained_logistic_regression,countercontex,101,0.9,False,0.8,0.9225205024731987,1.0,0.828,0.2083586684094881,211.1586217440199
e4,adult_census,retained_logistic_regression,countercontex,101,0.9,False,0.9,0.9225205024731987,1.0,0.828,0.2083586684094881,211.1586217440199
e4,adult_census,retained_logistic_regression,countercontex,202,0.9,False,0.5,0.9225205024731987,1.0,0.828,0.2083586684094881,209.01346498006023
e4,adult_census,retained_logistic_regression,countercontex,202,0.9,False,0.6,0.9225205024731987,1.0,0.828,0.2083586684094881,209.01346498006023
e4,adult_census,retained_logistic_regression,countercontex,202,0.9,False,0.7,0.9225205024731987,1.0,0.828,0.2083586684094881,209.01346498006023
e4,adult_census,retained_logistic_regression,countercontex,202,0.9,False,0.8,0.9225205024731987,1.0,0.828,0.2083586684094881,209.01346498006023
e4,adult_census,retained_logistic_regression,countercontex,202,0.9,False,0.9,0.9225205024731987,1.0,0.828,0.2083586684094881,209.01346498006023
e4,adult_census,retained_logistic_regression,countercontex,303,0.9,False,0.5,0.9225205024731987,1.0,0.828,0.2083586684094881,189.85608210600913
e4,adult_census,retained_logistic_regression,countercontex,303,0.9,False,0.6,0.9225205024731987,1.0,0.828,0.2083586684094881,189.85608210600913
e4,adult_census,retained_logistic_regression,countercontex,303,0.9,False,0.7,0.9225205024731987,1.0,0.828,0.2083586684094881,189.85608210600913
e4,adult_census,retained_logistic_regression,countercontex,303,0.9,False,0.8,0.9225205024731987,1.0,0.828,0.2083586684094881,189.85608210600913
e4,adult_census,retained_logistic_regression,countercontex,303,0.9,False,0.9,0.9225205024731987,1.0,0.828,0.2083586684094881,189.85608210600913
e4,adult_census,retained_logistic_regression,countercontex,17,0.9,True,0.5,0.9147289423846087,1.0,0.904,0.16339027816176677,402.54953666601796
e4,adult_census,retained_logistic_regression,countercontex,17,0.9,True,0.6,0.9147289423846087,1.0,0.904,0.16339027816176677,402.54953666601796
e4,adult_census,retained_logistic_regression,countercontex,17,0.9,True,0.7,0.9147289423846087,1.0,0.904,0.16339027816176677,402.54953666601796
e4,adult_census,retained_logistic_regression,countercontex,17,0.9,True,0.8,0.9147289423846087,1.0,0.904,0.16339027816176677,402.54953666601796
e4,adult_census,retained_logistic_regression,countercontex,17,0.9,True,0.9,0.9147289423846087,1.0,0.904,0.16339027816176677,402.54953666601796
e4,adult_census,retained_logistic_regression,countercontex,42,0.9,True,0.5,0.9147289423846087,1.0,0.904,0.16339027816176677,433.20842767797876
e4,adult_census,retained_logistic_regression,countercontex,42,0.9,True,0.6,0.9147289423846087,1.0,0.904,0.16339027816176677,433.20842767797876
e4,adult_census,retained_logistic_regression,countercontex,42,0.9,True,0.7,0.9147289423846087,1.0,0.904,0.16339027816176677,433.20842767797876
e4,adult_census,retained_logistic_regression,countercontex,42,0.9,True,0.8,0.9147289423846087,1.0,0.904,0.16339027816176677,433.20842767797876
e4,adult_census,retained_logistic_regression,countercontex,42,0.9,True,0.9,0.9147289423846087,1.0,0.904,0.16339027816176677,433.20842767797876
e4,adult_census,retained_logistic_regression,countercontex,101,0.9,True,0.5,0.9147289423846087,1.0,0.904,0.16339027816176677,393.70007271599025
e4,adult_census,retained_logistic_regression,countercontex,101,0.9,True,0.6,0.9147289423846087,1.0,0.904,0.16339027816176677,393.70007271599025
e4,adult_census,retained_logistic_regression,countercontex,101,0.9,True,0.7,0.9147289423846087,1.0,0.904,0.16339027816176677,393.70007271599025
e4,adult_census,retained_logistic_regression,countercontex,101,0.9,True,0.8,0.9147289423846087,1.0,0.904,0.16339027816176677,393.70007271599025
e4,adult_census,retained_logistic_regression,countercontex,101,0.9,True,0.9,0.9147289423846087,1.0,0.904,0.16339027816176677,393.70007271599025
e4,adult_census,retained_logistic_regression,countercontex,202,0.9,True,0.5,0.9147289423846087,1.0,0.904,0.16339027816176677,400.07949256000575
e4,adult_census,retained_logistic_regression,countercontex,202,0.9,True,0.6,0.9147289423846087,1.0,0.904,0.16339027816176677,400.07949256000575
e4,adult_census,retained_logistic_regression,countercontex,202,0.9,True,0.7,0.9147289423846087,1.0,0.904,0.16339027816176677,400.07949256000575
e4,adult_census,retained_logistic_regression,countercontex,202,0.9,True,0.8,0.9147289423846087,1.0,0.904,0.16339027816176677,400.07949256000575
e4,adult_census,retained_logistic_regression,countercontex,202,0.9,True,0.9,0.9147289423846087,1.0,0.904,0.16339027816176677,400.07949256000575
e4,adult_census,retained_logistic_regression,countercontex,303,0.9,True,0.5,0.9147289423846087,1.0,0.904,0.16339027816176677,437.84173040499445
e4,adult_census,retained_logistic_regression,countercontex,303,0.9,True,0.6,0.9147289423846087,1.0,0.904,0.16339027816176677,437.84173040499445
e4,adult_census,retained_logistic_regression,countercontex,303,0.9,True,0.7,0.9147289423846087,1.0,0.904,0.16339027816176677,437.84173040499445
e4,adult_census,retained_logistic_regression,countercontex,303,0.9,True,0.8,0.9147289423846087,1.0,0.904,0.16339027816176677,437.84173040499445
e4,adult_census,retained_logistic_regression,countercontex,303,0.9,True,0.9,0.9147289423846087,1.0,0.904,0.16339027816176677,437.84173040499445
e1_baseline,heloc,retained_logistic_regression,countercontex,17,,,0.5,0.5057157737892937,1.0,0.996,0.013243879321022655,1231.048556742986
e1_baseline,heloc,retained_logistic_regression,countercontex,17,,,0.6,0.5057157737892937,0.0,0.996,0.013243879321022655,1231.048556742986
e1_baseline,heloc,retained_logistic_regression,countercontex,17,,,0.7,0.5057157737892937,0.0,0.996,0.013243879321022655,1231.048556742986
e1_baseline,heloc,retained_logistic_regression,countercontex,17,,,0.8,0.5057157737892937,0.0,0.996,0.013243879321022655,1231.048556742986
e1_baseline,heloc,retained_logistic_regression,countercontex,17,,,0.9,0.5057157737892937,0.0,0.996,0.013243879321022655,1231.048556742986
e1_baseline,heloc,retained_logistic_regression,countercontex,42,,,0.5,0.5057157737892937,1.0,0.996,0.013243879321022655,1237.3300423529872
e1_baseline,heloc,retained_logistic_regression,countercontex,42,,,0.6,0.5057157737892937,0.0,0.996,0.013243879321022655,1237.3300423529872
e1_baseline,heloc,retained_logistic_regression,countercontex,42,,,0.7,0.5057157737892937,0.0,0.996,0.013243879321022655,1237.3300423529872
e1_baseline,heloc,retained_logistic_regression,countercontex,42,,,0.8,0.5057157737892937,0.0,0.996,0.013243879321022655,1237.3300423529872
e1_baseline,heloc,retained_logistic_regression,countercontex,42,,,0.9,0.5057157737892937,0.0,0.996,0.013243879321022655,1237.3300423529872
e1_baseline,heloc,retained_logistic_regression,countercontex,101,,,0.5,0.5057157737892937,1.0,0.996,0.013243879321022655,1184.2337037590041
e1_baseline,heloc,retained_logistic_regression,countercontex,101,,,0.6,0.5057157737892937,0.0,0.996,0.013243879321022655,1184.2337037590041
e1_baseline,heloc,retained_logistic_regression,countercontex,101,,,0.7,0.5057157737892937,0.0,0.996,0.013243879321022655,1184.2337037590041
e1_baseline,heloc,retained_logistic_regression,countercontex,101,,,0.8,0.5057157737892937,0.0,0.996,0.013243879321022655,1184.2337037590041
e1_baseline,heloc,retained_logistic_regression,countercontex,101,,,0.9,0.5057157737892937,0.0,0.996,0.013243879321022655,1184.2337037590041
e1_baseline,heloc,retained_logistic_regression,countercontex,202,,,0.5,0.5057157737892937,1.0,0.996,0.013243879321022655,1190.467237489007
e1_baseline,heloc,retained_logistic_regression,countercontex,202,,,0.6,0.5057157737892937,0.0,0.996,0.013243879321022655,1190.467237489007
e1_baseline,heloc,retained_logistic_regression,countercontex,202,,,0.7,0.5057157737892937,0.0,0.996,0.013243879321022655,1190.467237489007
e1_baseline,heloc,retained_logistic_regression,countercontex,202,,,0.8,0.5057157737892937,0.0,0.996,0.013243879321022655,1190.467237489007
e1_baseline,heloc,retained_logistic_regression,countercontex,202,,,0.9,0.5057157737892937,0.0,0.996,0.013243879321022655,1190.467237489007
e1_baseline,heloc,retained_logistic_regression,countercontex,303,,,0.5,0.5057157737892937,1.0,0.996,0.013243879321022655,1242.8044172959926
e1_baseline,heloc,retained_logistic_regression,countercontex,303,,,0.6,0.5057157737892937,0.0,0.996,0.013243879321022655,1242.8044172959926
e1_baseline,heloc,retained_logistic_regression,countercontex,303,,,0.7,0.5057157737892937,0.0,0.996,0.013243879321022655,1242.8044172959926
e1_baseline,heloc,retained_logistic_regression,countercontex,303,,,0.8,0.5057157737892937,0.0,0.996,0.013243879321022655,1242.8044172959926
e1_baseline,heloc,retained_logistic_regression,countercontex,303,,,0.9,0.5057157737892937,0.0,0.996,0.013243879321022655,1242.8044172959926
e1_baseline,heloc,retained_logistic_regression,nice,17,,,0.5,0.5153562293892281,1.0,0.668,0.015436287158292754,0.8265524880262092
e1_baseline,heloc,retained_logistic_regression,nice,17,,,0.6,0.5153562293892281,0.005988023952095809,0.668,0.015436287158292754,0.8265524880262092
e1_baseline,heloc,retained_logistic_regression,nice,17,,,0.7,0.5153562293892281,0.0,0.668,0.015436287158292754,0.8265524880262092
e1_baseline,heloc,retained_logistic_regression,nice,17,,,0.8,0.5153562293892281,0.0,0.668,0.015436287158292754,0.8265524880262092
e1_baseline,heloc,retained_logistic_regression,nice,17,,,0.9,0.5153562293892281,0.0,0.668,0.015436287158292754,0.8265524880262092
e1_baseline,heloc,retained_logistic_regression,nice,42,,,0.5,0.5153562293892281,1.0,0.668,0.015436287158292754,0.7121253919613082
e1_baseline,heloc,retained_logistic_regression,nice,42,,,0.6,0.5153562293892281,0.005988023952095809,0.668,0.015436287158292754,0.7121253919613082
e1_baseline,heloc,retained_logistic_regression,nice,42,,,0.7,0.5153562293892281,0.0,0.668,0.015436287158292754,0.7121253919613082
e1_baseline,heloc,retained_logistic_regression,nice,42,,,0.8,0.5153562293892281,0.0,0.668,0.015436287158292754,0.7121253919613082
e1_baseline,heloc,retained_logistic_regression,nice,42,,,0.9,0.5153562293892281,0.0,0.668,0.015436287158292754,0.7121253919613082
e1_baseline,heloc,retained_logistic_regression,nice,101,,,0.5,0.5153562293892281,1.0,0.668,0.015436287158292754,0.7442933639977127
e1_baseline,heloc,retained_logistic_regression,nice,101,,,0.6,0.5153562293892281,0.005988023952095809,0.668,0.015436287158292754,0.7442933639977127
e1_baseline,heloc,retained_logistic_regression,nice,101,,,0.7,0.5153562293892281,0.0,0.668,0.015436287158292754,0.7442933639977127
e1_baseline,heloc,retained_logistic_regression,nice,101,,,0.8,0.5153562293892281,0.0,0.668,0.015436287158292754,0.7442933639977127
e1_baseline,heloc,retained_logistic_regression,nice,101,,,0.9,0.5153562293892281,0.0,0.668,0.015436287158292754,0.7442933639977127
e1_baseline,heloc,retained_logistic_regression,nice,202,,,0.5,0.5153562293892281,1.0,0.668,0.015436287158292754,0.6601907190051861
e1_baseline,heloc,retained_logistic_regression,nice,202,,,0.6,0.5153562293892281,0.005988023952095809,0.668,0.015436287158292754,0.6601907190051861
e1_baseline,heloc,retained_logistic_regression,nice,202,,,0.7,0.5153562293892281,0.0,0.668,0.015436287158292754,0.6601907190051861
e1_baseline,heloc,retained_logistic_regression,nice,202,,,0.8,0.5153562293892281,0.0,0.668,0.015436287158292754,0.6601907190051861
e1_baseline,heloc,retained_logistic_regression,nice,202,,,0.9,0.5153562293892281,0.0,0.668,0.015436287158292754,0.6601907190051861
e1_baseline,heloc,retained_logistic_regression,nice,303,,,0.5,0.5153562293892281,1.0,0.668,0.015436287158292754,0.6538745549914893
e1_baseline,heloc,retained_logistic_regression,nice,303,,,0.6,0.5153562293892281,0.005988023952095809,0.668,0.015436287158292754,0.6538745549914893
e1_baseline,heloc,retained_logistic_regression,nice,303,,,0.7,0.5153562293892281,0.0,0.668,0.015436287158292754,0.6538745549914893
e1_baseline,heloc,retained_logistic_regression,nice,303,,,0.8,0.5153562293892281,0.0,0.668,0.015436287158292754,0.6538745549914893
e1_baseline,heloc,retained_logistic_regression,nice,303,,,0.9,0.5153562293892281,0.0,0.668,0.015436287158292754,0.6538745549914893
e1_baseline,heloc,retained_logistic_regression,wachter,17,,,0.5,0.5000172524375084,1.0,0.984,0.011966447195662581,3.384534128010273
e1_baseline,heloc,retained_logistic_regression,wachter,17,,,0.6,0.5000172524375084,0.0,0.984,0.011966447195662581,3.384534128010273
e1_baseline,heloc,retained_logistic_regression,wachter,17,,,0.7,0.5000172524375084,0.0,0.984,0.011966447195662581,3.384534128010273
e1_baseline,heloc,retained_logistic_regression,wachter,17,,,0.8,0.5000172524375084,0.0,0.984,0.011966447195662581,3.384534128010273
e1_baseline,heloc,retained_logistic_regression,wachter,17,,,0.9,0.5000172524375084,0.0,0.984,0.011966447195662581,3.384534128010273
e1_baseline,heloc,retained_logistic_regression,wachter,42,,,0.5,0.5000172524375084,1.0,0.984,0.011966447195662581,3.3972573349892627
e1_baseline,heloc,retained_logistic_regression,wachter,42,,,0.6,0.5000172524375084,0.0,0.984,0.011966447195662581,3.3972573349892627
e1_baseline,heloc,retained_logistic_regression,wachter,42,,,0.7,0.5000172524375084,0.0,0.984,0.011966447195662581,3.3972573349892627
e1_baseline,heloc,retained_logistic_regression,wachter,42,,,0.8,0.5000172524375084,0.0,0.984,0.011966447195662581,3.3972573349892627
e1_baseline,heloc,retained_logistic_regression,wachter,42,,,0.9,0.5000172524375084,0.0,0.984,0.011966447195662581,3.3972573349892627
e1_baseline,heloc,retained_logistic_regression,wachter,101,,,0.5,0.5000172524375084,1.0,0.984,0.011966447195662581,3.39293257999816
e1_baseline,heloc,retained_logistic_regression,wachter,101,,,0.6,0.5000172524375084,0.0,0.984,0.011966447195662581,3.39293257999816
e1_baseline,heloc,retained_logistic_regression,wachter,101,,,0.7,0.5000172524375084,0.0,0.984,0.011966447195662581,3.39293257999816
e1_baseline,heloc,retained_logistic_regression,wachter,101,,,0.8,0.5000172524375084,0.0,0.984,0.011966447195662581,3.39293257999816
e1_baseline,heloc,retained_logistic_regression,wachter,101,,,0.9,0.5000172524375084,0.0,0.984,0.011966447195662581,3.39293257999816
e1_baseline,heloc,retained_logistic_regression,wachter,202,,,0.5,0.5000172524375084,1.0,0.984,0.011966447195662581,3.5407770089805126
e1_baseline,heloc,retained_logistic_regression,wachter,202,,,0.6,0.5000172524375084,0.0,0.984,0.011966447195662581,3.5407770089805126
e1_baseline,heloc,retained_logistic_regression,wachter,202,,,0.7,0.5000172524375084,0.0,0.984,0.011966447195662581,3.5407770089805126
e1_baseline,heloc,retained_logistic_regression,wachter,202,,,0.8,0.5000172524375084,0.0,0.984,0.011966447195662581,3.5407770089805126
e1_baseline,heloc,retained_logistic_regression,wachter,202,,,0.9,0.5000172524375084,0.0,0.984,0.011966447195662581,3.5407770089805126
e1_baseline,heloc,retained_logistic_regression,wachter,303,,,0.5,0.5000172524375084,1.0,0.984,0.011966447195662581,3.38936153697432
e1_baseline,heloc,retained_logistic_regression,wachter,303,,,0.6,0.5000172524375084,0.0,0.984,0.011966447195662581,3.38936153697432
e1_baseline,heloc,retained_logistic_regression,wachter,303,,,0.7,0.5000172524375084,0.0,0.984,0.011966447195662581,3.38936153697432
e1_baseline,heloc,retained_logistic_regression,wachter,303,,,0.8,0.5000172524375084,0.0,0.984,0.011966447195662581,3.38936153697432
e1_baseline,heloc,retained_logistic_regression,wachter,303,,,0.9,0.5000172524375084,0.0,0.984,0.011966447195662581,3.38936153697432
e1_baseline,heloc,retained_logistic_regression,growing_spheres,17,,,0.5,0.5000028509661273,1.0,1.0,0.015396072639798674,2.1519651760172565
e1_baseline,heloc,retained_logistic_regression,growing_spheres,17,,,0.6,0.5000028509661273,0.0,1.0,0.015396072639798674,2.1519651760172565
e1_baseline,heloc,retained_logistic_regression,growing_spheres,17,,,0.7,0.5000028509661273,0.0,1.0,0.015396072639798674,2.1519651760172565
e1_baseline,heloc,retained_logistic_regression,growing_spheres,17,,,0.8,0.5000028509661273,0.0,1.0,0.015396072639798674,2.1519651760172565
e1_baseline,heloc,retained_logistic_regression,growing_spheres,17,,,0.9,0.5000028509661273,0.0,1.0,0.015396072639798674,2.1519651760172565
e1_baseline,heloc,retained_logistic_regression,growing_spheres,42,,,0.5,0.5000037502177046,1.0,1.0,0.016030650987220976,2.1629594219848514
e1_baseline,heloc,retained_logistic_regression,growing_spheres,42,,,0.6,0.5000037502177046,0.0,1.0,0.016030650987220976,2.1629594219848514
e1_baseline,heloc,retained_logistic_regression,growing_spheres,42,,,0.7,0.5000037502177046,0.0,1.0,0.016030650987220976,2.1629594219848514
e1_baseline,heloc,retained_logistic_regression,growing_spheres,42,,,0.8,0.5000037502177046,0.0,1.0,0.016030650987220976,2.1629594219848514
e1_baseline,heloc,retained_logistic_regression,growing_spheres,42,,,0.9,0.5000037502177046,0.0,1.0,0.016030650987220976,2.1629594219848514
e1_baseline,heloc,retained_logistic_regression,growing_spheres,101,,,0.5,0.5000028558237475,1.0,1.0,0.016188177369298538,2.177454102988122
e1_baseline,heloc,retained_logistic_regression,growing_spheres,101,,,0.6,0.5000028558237475,0.0,1.0,0.016188177369298538,2.177454102988122
e1_baseline,heloc,retained_logistic_regression,growing_spheres,101,,,0.7,0.5000028558237475,0.0,1.0,0.016188177369298538,2.177454102988122
e1_baseline,heloc,retained_logistic_regression,growing_spheres,101,,,0.8,0.5000028558237475,0.0,1.0,0.016188177369298538,2.177454102988122
e1_baseline,heloc,retained_logistic_regression,growing_spheres,101,,,0.9,0.5000028558237475,0.0,1.0,0.016188177369298538,2.177454102988122
e1_baseline,heloc,retained_logistic_regression,growing_spheres,202,,,0.5,0.5000031394941233,1.0,1.0,0.01563043187800673,2.1584852270025294
e1_baseline,heloc,retained_logistic_regression,growing_spheres,202,,,0.6,0.5000031394941233,0.0,1.0,0.01563043187800673,2.1584852270025294
e1_baseline,heloc,retained_logistic_regression,growing_spheres,202,,,0.7,0.5000031394941233,0.0,1.0,0.01563043187800673,2.1584852270025294
e1_baseline,heloc,retained_logistic_regression,growing_spheres,202,,,0.8,0.5000031394941233,0.0,1.0,0.01563043187800673,2.1584852270025294
e1_baseline,heloc,retained_logistic_regression,growing_spheres,202,,,0.9,0.5000031394941233,0.0,1.0,0.01563043187800673,2.1584852270025294
e1_baseline,heloc,retained_logistic_regression,growing_spheres,303,,,0.5,0.5000024533541664,1.0,1.0,0.016326427330248874,2.216836895007873
e1_baseline,heloc,retained_logistic_regression,growing_spheres,303,,,0.6,0.5000024533541664,0.0,1.0,0.016326427330248874,2.216836895007873
e1_baseline,heloc,retained_logistic_regression,growing_spheres,303,,,0.7,0.5000024533541664,0.0,1.0,0.016326427330248874,2.216836895007873
e1_baseline,heloc,retained_logistic_regression,growing_spheres,303,,,0.8,0.5000024533541664,0.0,1.0,0.016326427330248874,2.216836895007873
e1_baseline,heloc,retained_logistic_regression,growing_spheres,303,,,0.9,0.5000024533541664,0.0,1.0,0.016326427330248874,2.216836895007873
e1_baseline,heloc,retained_logistic_regression,dice,17,,,0.5,0.5000199114446593,1.0,0.9,0.017986505658249774,21.3706430309976
e1_baseline,heloc,retained_logistic_regression,dice,17,,,0.6,0.5000199114446593,0.0,0.9,0.017986505658249774,21.3706430309976
e1_baseline,heloc,retained_logistic_regression,dice,17,,,0.7,0.5000199114446593,0.0,0.9,0.017986505658249774,21.3706430309976
e1_baseline,heloc,retained_logistic_regression,dice,17,,,0.8,0.5000199114446593,0.0,0.9,0.017986505658249774,21.3706430309976
e1_baseline,heloc,retained_logistic_regression,dice,17,,,0.9,0.5000199114446593,0.0,0.9,0.017986505658249774,21.3706430309976
e1_baseline,heloc,retained_logistic_regression,dice,42,,,0.5,0.5000207550792588,1.0,0.916,0.0180086502119883,19.74776047101477
e1_baseline,heloc,retained_logistic_regression,dice,42,,,0.6,0.5000207550792588,0.0,0.916,0.0180086502119883,19.74776047101477
e1_baseline,heloc,retained_logistic_regression,dice,42,,,0.7,0.5000207550792588,0.0,0.916,0.0180086502119883,19.74776047101477
e1_baseline,heloc,retained_logistic_regression,dice,42,,,0.8,0.5000207550792588,0.0,0.916,0.0180086502119883,19.74776047101477
e1_baseline,heloc,retained_logistic_regression,dice,42,,,0.9,0.5000207550792588,0.0,0.916,0.0180086502119883,19.74776047101477
e1_baseline,heloc,retained_logistic_regression,dice,101,,,0.5,0.5000228310818116,1.0,0.908,0.017944993718621155,20.618711765971966
e1_baseline,heloc,retained_logistic_regression,dice,101,,,0.6,0.5000228310818116,0.0,0.908,0.017944993718621155,20.618711765971966
e1_baseline,heloc,retained_logistic_regression,dice,101,,,0.7,0.5000228310818116,0.0,0.908,0.017944993718621155,20.618711765971966
e1_baseline,heloc,retained_logistic_regression,dice,101,,,0.8,0.5000228310818116,0.0,0.908,0.017944993718621155,20.618711765971966
e1_baseline,heloc,retained_logistic_regression,dice,101,,,0.9,0.5000228310818116,0.0,0.908,0.017944993718621155,20.618711765971966
e1_baseline,heloc,retained_logistic_regression,dice,202,,,0.5,0.50001620511221,1.0,0.908,0.018060804783284454,20.601900544017553
e1_baseline,heloc,retained_logistic_regression,dice,202,,,0.6,0.50001620511221,0.0,0.908,0.018060804783284454,20.601900544017553
e1_baseline,heloc,retained_logistic_regression,dice,202,,,0.7,0.50001620511221,0.0,0.908,0.018060804783284454,20.601900544017553
e1_baseline,heloc,retained_logistic_regression,dice,202,,,0.8,0.50001620511221,0.0,0.908,0.018060804783284454,20.601900544017553
e1_baseline,heloc,retained_logistic_regression,dice,202,,,0.9,0.50001620511221,0.0,0.908,0.018060804783284454,20.601900544017553
e1_baseline,heloc,retained_logistic_regression,dice,303,,,0.5,0.500021432496024,1.0,0.928,0.018153938176727797,18.747942300979048
e1_baseline,heloc,retained_logistic_regression,dice,303,,,0.6,0.500021432496024,0.0,0.928,0.018153938176727797,18.747942300979048
e1_baseline,heloc,retained_logistic_regression,dice,303,,,0.7,0.500021432496024,0.0,0.928,0.018153938176727797,18.747942300979048
e1_baseline,heloc,retained_logistic_regression,dice,303,,,0.8,0.500021432496024,0.0,0.928,0.018153938176727797,18.747942300979048
e1_baseline,heloc,retained_logistic_regression,dice,303,,,0.9,0.500021432496024,0.0,0.928,0.018153938176727797,18.747942300979048
e1_baseline,heloc,retained_logistic_regression,face,17,,,0.5,0.5359248798404135,1.0,1.0,0.04308371932982751,6.258903608017135
e1_baseline,heloc,retained_logistic_regression,face,17,,,0.6,0.5359248798404135,0.064,1.0,0.04308371932982751,6.258903608017135
e1_baseline,heloc,retained_logistic_regression,face,17,,,0.7,0.5359248798404135,0.004,1.0,0.04308371932982751,6.258903608017135
e1_baseline,heloc,retained_logistic_regression,face,17,,,0.8,0.5359248798404135,0.0,1.0,0.04308371932982751,6.258903608017135
e1_baseline,heloc,retained_logistic_regression,face,17,,,0.9,0.5359248798404135,0.0,1.0,0.04308371932982751,6.258903608017135
e1_baseline,heloc,retained_logistic_regression,face,42,,,0.5,0.5359248798404135,1.0,1.0,0.04308371932982751,6.219782284984831
e1_baseline,heloc,retained_logistic_regression,face,42,,,0.6,0.5359248798404135,0.064,1.0,0.04308371932982751,6.219782284984831
e1_baseline,heloc,retained_logistic_regression,face,42,,,0.7,0.5359248798404135,0.004,1.0,0.04308371932982751,6.219782284984831
e1_baseline,heloc,retained_logistic_regression,face,42,,,0.8,0.5359248798404135,0.0,1.0,0.04308371932982751,6.219782284984831
e1_baseline,heloc,retained_logistic_regression,face,42,,,0.9,0.5359248798404135,0.0,1.0,0.04308371932982751,6.219782284984831
e1_baseline,heloc,retained_logistic_regression,face,101,,,0.5,0.5359248798404135,1.0,1.0,0.04308371932982751,6.953449539985741
e1_baseline,heloc,retained_logistic_regression,face,101,,,0.6,0.5359248798404135,0.064,1.0,0.04308371932982751,6.953449539985741
e1_baseline,heloc,retained_logistic_regression,face,101,,,0.7,0.5359248798404135,0.004,1.0,0.04308371932982751,6.953449539985741
e1_baseline,heloc,retained_logistic_regression,face,101,,,0.8,0.5359248798404135,0.0,1.0,0.04308371932982751,6.953449539985741
e1_baseline,heloc,retained_logistic_regression,face,101,,,0.9,0.5359248798404135,0.0,1.0,0.04308371932982751,6.953449539985741
e1_baseline,heloc,retained_logistic_regression,face,202,,,0.5,0.5359248798404135,1.0,1.0,0.04308371932982751,6.348889194021467
e1_baseline,heloc,retained_logistic_regression,face,202,,,0.6,0.5359248798404135,0.064,1.0,0.04308371932982751,6.348889194021467
e1_baseline,heloc,retained_logistic_regression,face,202,,,0.7,0.5359248798404135,0.004,1.0,0.04308371932982751,6.348889194021467
e1_baseline,heloc,retained_logistic_regression,face,202,,,0.8,0.5359248798404135,0.0,1.0,0.04308371932982751,6.348889194021467
e1_baseline,heloc,retained_logistic_regression,face,202,,,0.9,0.5359248798404135,0.0,1.0,0.04308371932982751,6.348889194021467
e1_baseline,heloc,retained_logistic_regression,face,303,,,0.5,0.5359248798404135,1.0,1.0,0.04308371932982751,6.122433771000942
e1_baseline,heloc,retained_logistic_regression,face,303,,,0.6,0.5359248798404135,0.064,1.0,0.04308371932982751,6.122433771000942
e1_baseline,heloc,retained_logistic_regression,face,303,,,0.7,0.5359248798404135,0.004,1.0,0.04308371932982751,6.122433771000942
e1_baseline,heloc,retained_logistic_regression,face,303,,,0.8,0.5359248798404135,0.0,1.0,0.04308371932982751,6.122433771000942
e1_baseline,heloc,retained_logistic_regression,face,303,,,0.9,0.5359248798404135,0.0,1.0,0.04308371932982751,6.122433771000942
e1_baseline,bank_marketing,retained_logistic_regression,countercontex,17,,,0.5,0.5461621804868652,1.0,1.0,0.03999348774479392,374.3665069480194
e1_baseline,bank_marketing,retained_logistic_regression,countercontex,17,,,0.6,0.5461621804868652,0.136,1.0,0.03999348774479392,374.3665069480194
e1_baseline,bank_marketing,retained_logistic_regression,countercontex,17,,,0.7,0.5461621804868652,0.08,1.0,0.03999348774479392,374.3665069480194
e1_baseline,bank_marketing,retained_logistic_regression,countercontex,17,,,0.8,0.5461621804868652,0.04,1.0,0.03999348774479392,374.3665069480194
e1_baseline,bank_marketing,retained_logistic_regression,countercontex,17,,,0.9,0.5461621804868652,0.004,1.0,0.03999348774479392,374.3665069480194
e1_baseline,bank_marketing,retained_logistic_regression,countercontex,42,,,0.5,0.5461621804868652,1.0,1.0,0.03999348774479392,377.76949161398807
e1_baseline,bank_marketing,retained_logistic_regression,countercontex,42,,,0.6,0.5461621804868652,0.136,1.0,0.03999348774479392,377.76949161398807
e1_baseline,bank_marketing,retained_logistic_regression,countercontex,42,,,0.7,0.5461621804868652,0.08,1.0,0.03999348774479392,377.76949161398807
e1_baseline,bank_marketing,retained_logistic_regression,countercontex,42,,,0.8,0.5461621804868652,0.04,1.0,0.03999348774479392,377.76949161398807
e1_baseline,bank_marketing,retained_logistic_regression,countercontex,42,,,0.9,0.5461621804868652,0.004,1.0,0.03999348774479392,377.76949161398807
e1_baseline,bank_marketing,retained_logistic_regression,countercontex,101,,,0.5,0.5461621804868652,1.0,1.0,0.03999348774479392,382.37035042300704
e1_baseline,bank_marketing,retained_logistic_regression,countercontex,101,,,0.6,0.5461621804868652,0.136,1.0,0.03999348774479392,382.37035042300704
e1_baseline,bank_marketing,retained_logistic_regression,countercontex,101,,,0.7,0.5461621804868652,0.08,1.0,0.03999348774479392,382.37035042300704
e1_baseline,bank_marketing,retained_logistic_regression,countercontex,101,,,0.8,0.5461621804868652,0.04,1.0,0.03999348774479392,382.37035042300704
e1_baseline,bank_marketing,retained_logistic_regression,countercontex,101,,,0.9,0.5461621804868652,0.004,1.0,0.03999348774479392,382.37035042300704
e1_baseline,bank_marketing,retained_logistic_regression,countercontex,202,,,0.5,0.5461621804868652,1.0,1.0,0.03999348774479392,372.34909871799755
e1_baseline,bank_marketing,retained_logistic_regression,countercontex,202,,,0.6,0.5461621804868652,0.136,1.0,0.03999348774479392,372.34909871799755
e1_baseline,bank_marketing,retained_logistic_regression,countercontex,202,,,0.7,0.5461621804868652,0.08,1.0,0.03999348774479392,372.34909871799755
e1_baseline,bank_marketing,retained_logistic_regression,countercontex,202,,,0.8,0.5461621804868652,0.04,1.0,0.03999348774479392,372.34909871799755
e1_baseline,bank_marketing,retained_logistic_regression,countercontex,202,,,0.9,0.5461621804868652,0.004,1.0,0.03999348774479392,372.34909871799755
e1_baseline,bank_marketing,retained_logistic_regression,countercontex,303,,,0.5,0.5461621804868652,1.0,1.0,0.03999348774479392,393.7881529260194
e1_baseline,bank_marketing,retained_logistic_regression,countercontex,303,,,0.6,0.5461621804868652,0.136,1.0,0.03999348774479392,393.7881529260194
e1_baseline,bank_marketing,retained_logistic_regression,countercontex,303,,,0.7,0.5461621804868652,0.08,1.0,0.03999348774479392,393.7881529260194
e1_baseline,bank_marketing,retained_logistic_regression,countercontex,303,,,0.8,0.5461621804868652,0.04,1.0,0.03999348774479392,393.7881529260194
e1_baseline,bank_marketing,retained_logistic_regression,countercontex,303,,,0.9,0.5461621804868652,0.004,1.0,0.03999348774479392,393.7881529260194
e1_baseline,bank_marketing,retained_logistic_regression,nice,17,,,0.5,0.6585185237137379,1.0,1.0,0.033007638368884484,1.9858401119709015
e1_baseline,bank_marketing,retained_logistic_regression,nice,17,,,0.6,0.6585185237137379,0.56,1.0,0.033007638368884484,1.9858401119709015
e1_baseline,bank_marketing,retained_logistic_regression,nice,17,,,0.7,0.6585185237137379,0.336,1.0,0.033007638368884484,1.9858401119709015
e1_baseline,bank_marketing,retained_logistic_regression,nice,17,,,0.8,0.6585185237137379,0.16,1.0,0.033007638368884484,1.9858401119709015
e1_baseline,bank_marketing,retained_logistic_regression,nice,17,,,0.9,0.6585185237137379,0.06,1.0,0.033007638368884484,1.9858401119709015
e1_baseline,bank_marketing,retained_logistic_regression,nice,42,,,0.5,0.6585185237137379,1.0,1.0,0.033007638368884484,2.0415696839918382
e1_baseline,bank_marketing,retained_logistic_regression,nice,42,,,0.6,0.6585185237137379,0.56,1.0,0.033007638368884484,2.0415696839918382
e1_baseline,bank_marketing,retained_logistic_regression,nice,42,,,0.7,0.6585185237137379,0.336,1.0,0.033007638368884484,2.0415696839918382
e1_baseline,bank_marketing,retained_logistic_regression,nice,42,,,0.8,0.6585185237137379,0.16,1.0,0.033007638368884484,2.0415696839918382
e1_baseline,bank_marketing,retained_logistic_regression,nice,42,,,0.9,0.6585185237137379,0.06,1.0,0.033007638368884484,2.0415696839918382
e1_baseline,bank_marketing,retained_logistic_regression,nice,101,,,0.5,0.6585185237137379,1.0,1.0,0.033007638368884484,1.9050452049996238
e1_baseline,bank_marketing,retained_logistic_regression,nice,101,,,0.6,0.6585185237137379,0.56,1.0,0.033007638368884484,1.9050452049996238
e1_baseline,bank_marketing,retained_logistic_regression,nice,101,,,0.7,0.6585185237137379,0.336,1.0,0.033007638368884484,1.9050452049996238
e1_baseline,bank_marketing,retained_logistic_regression,nice,101,,,0.8,0.6585185237137379,0.16,1.0,0.033007638368884484,1.9050452049996238
e1_baseline,bank_marketing,retained_logistic_regression,nice,101,,,0.9,0.6585185237137379,0.06,1.0,0.033007638368884484,1.9050452049996238
e1_baseline,bank_marketing,retained_logistic_regression,nice,202,,,0.5,0.6585185237137379,1.0,1.0,0.033007638368884484,1.859071614977438
e1_baseline,bank_marketing,retained_logistic_regression,nice,202,,,0.6,0.6585185237137379,0.56,1.0,0.033007638368884484,1.859071614977438
e1_baseline,bank_marketing,retained_logistic_regression,nice,202,,,0.7,0.6585185237137379,0.336,1.0,0.033007638368884484,1.859071614977438
e1_baseline,bank_marketing,retained_logistic_regression,nice,202,,,0.8,0.6585185237137379,0.16,1.0,0.033007638368884484,1.859071614977438
e1_baseline,bank_marketing,retained_logistic_regression,nice,202,,,0.9,0.6585185237137379,0.06,1.0,0.033007638368884484,1.859071614977438
e1_baseline,bank_marketing,retained_logistic_regression,nice,303,,,0.5,0.6585185237137379,1.0,1.0,0.033007638368884484,1.8846541150123812
e1_baseline,bank_marketing,retained_logistic_regression,nice,303,,,0.6,0.6585185237137379,0.56,1.0,0.033007638368884484,1.8846541150123812
e1_baseline,bank_marketing,retained_logistic_regression,nice,303,,,0.7,0.6585185237137379,0.336,1.0,0.033007638368884484,1.8846541150123812
e1_baseline,bank_marketing,retained_logistic_regression,nice,303,,,0.8,0.6585185237137379,0.16,1.0,0.033007638368884484,1.8846541150123812
e1_baseline,bank_marketing,retained_logistic_regression,nice,303,,,0.9,0.6585185237137379,0.06,1.0,0.033007638368884484,1.8846541150123812
e1_baseline,bank_marketing,retained_logistic_regression,wachter,17,,,0.5,0.5107842803670034,1.0,1.0,0.06621629539977446,3.8287463519955054
e1_baseline,bank_marketing,retained_logistic_regression,wachter,17,,,0.6,0.5107842803670034,0.036,1.0,0.06621629539977446,3.8287463519955054
e1_baseline,bank_marketing,retained_logistic_regression,wachter,17,,,0.7,0.5107842803670034,0.004,1.0,0.06621629539977446,3.8287463519955054
e1_baseline,bank_marketing,retained_logistic_regression,wachter,17,,,0.8,0.5107842803670034,0.0,1.0,0.06621629539977446,3.8287463519955054
e1_baseline,bank_marketing,retained_logistic_regression,wachter,17,,,0.9,0.5107842803670034,0.0,1.0,0.06621629539977446,3.8287463519955054
e1_baseline,bank_marketing,retained_logistic_regression,wachter,42,,,0.5,0.5107842803670034,1.0,1.0,0.06621629539977446,3.8348147610086016
e1_baseline,bank_marketing,retained_logistic_regression,wachter,42,,,0.6,0.5107842803670034,0.036,1.0,0.06621629539977446,3.8348147610086016
e1_baseline,bank_marketing,retained_logistic_regression,wachter,42,,,0.7,0.5107842803670034,0.004,1.0,0.06621629539977446,3.8348147610086016
e1_baseline,bank_marketing,retained_logistic_regression,wachter,42,,,0.8,0.5107842803670034,0.0,1.0,0.06621629539977446,3.8348147610086016
e1_baseline,bank_marketing,retained_logistic_regression,wachter,42,,,0.9,0.5107842803670034,0.0,1.0,0.06621629539977446,3.8348147610086016
e1_baseline,bank_marketing,retained_logistic_regression,wachter,101,,,0.5,0.5107842803670034,1.0,1.0,0.06621629539977446,3.8265144590113778
e1_baseline,bank_marketing,retained_logistic_regression,wachter,101,,,0.6,0.5107842803670034,0.036,1.0,0.06621629539977446,3.8265144590113778
e1_baseline,bank_marketing,retained_logistic_regression,wachter,101,,,0.7,0.5107842803670034,0.004,1.0,0.06621629539977446,3.8265144590113778
e1_baseline,bank_marketing,retained_logistic_regression,wachter,101,,,0.8,0.5107842803670034,0.0,1.0,0.06621629539977446,3.8265144590113778
e1_baseline,bank_marketing,retained_logistic_regression,wachter,101,,,0.9,0.5107842803670034,0.0,1.0,0.06621629539977446,3.8265144590113778
e1_baseline,bank_marketing,retained_logistic_regression,wachter,202,,,0.5,0.5107842803670034,1.0,1.0,0.06621629539977446,3.8366561959846877
e1_baseline,bank_marketing,retained_logistic_regression,wachter,202,,,0.6,0.5107842803670034,0.036,1.0,0.06621629539977446,3.8366561959846877
e1_baseline,bank_marketing,retained_logistic_regression,wachter,202,,,0.7,0.5107842803670034,0.004,1.0,0.06621629539977446,3.8366561959846877
e1_baseline,bank_marketing,retained_logistic_regression,wachter,202,,,0.8,0.5107842803670034,0.0,1.0,0.06621629539977446,3.8366561959846877
e1_baseline,bank_marketing,retained_logistic_regression,wachter,202,,,0.9,0.5107842803670034,0.0,1.0,0.06621629539977446,3.8366561959846877
e1_baseline,bank_marketing,retained_logistic_regression,wachter,303,,,0.5,0.5107842803670034,1.0,1.0,0.06621629539977446,3.8278642180084717
e1_baseline,bank_marketing,retained_logistic_regression,wachter,303,,,0.6,0.5107842803670034,0.036,1.0,0.06621629539977446,3.8278642180084717
e1_baseline,bank_marketing,retained_logistic_regression,wachter,303,,,0.7,0.5107842803670034,0.004,1.0,0.06621629539977446,3.8278642180084717
e1_baseline,bank_marketing,retained_logistic_regression,wachter,303,,,0.8,0.5107842803670034,0.0,1.0,0.06621629539977446,3.8278642180084717
e1_baseline,bank_marketing,retained_logistic_regression,wachter,303,,,0.9,0.5107842803670034,0.0,1.0,0.06621629539977446,3.8278642180084717
e1_baseline,bank_marketing,retained_logistic_regression,growing_spheres,17,,,0.5,0.5384517153846884,1.0,1.0,0.0738697313340235,2.178342236991739
e1_baseline,bank_marketing,retained_logistic_regression,growing_spheres,17,,,0.6,0.5384517153846884,0.164,1.0,0.0738697313340235,2.178342236991739
e1_baseline,bank_marketing,retained_logistic_regression,growing_spheres,17,,,0.7,0.5384517153846884,0.084,1.0,0.0738697313340235,2.178342236991739
e1_baseline,bank_marketing,retained_logistic_regression,growing_spheres,17,,,0.8,0.5384517153846884,0.012,1.0,0.0738697313340235,2.178342236991739
e1_baseline,bank_marketing,retained_logistic_regression,growing_spheres,17,,,0.9,0.5384517153846884,0.0,1.0,0.0738697313340235,2.178342236991739
e1_baseline,bank_marketing,retained_logistic_regression,growing_spheres,42,,,0.5,0.5319264493443765,1.0,1.0,0.07659199310351121,2.1725039270240813
e1_baseline,bank_marketing,retained_logistic_regression,growing_spheres,42,,,0.6,0.5319264493443765,0.124,1.0,0.07659199310351121,2.1725039270240813
e1_baseline,bank_marketing,retained_logistic_regression,growing_spheres,42,,,0.7,0.5319264493443765,0.056,1.0,0.07659199310351121,2.1725039270240813
e1_baseline,bank_marketing,retained_logistic_regression,growing_spheres,42,,,0.8,0.5319264493443765,0.008,1.0,0.07659199310351121,2.1725039270240813
e1_baseline,bank_marketing,retained_logistic_regression,growing_spheres,42,,,0.9,0.5319264493443765,0.0,1.0,0.07659199310351121,2.1725039270240813
e1_baseline,bank_marketing,retained_logistic_regression,growing_spheres,101,,,0.5,0.5343382861268768,1.0,1.0,0.07729524009168813,2.169533082022099
e1_baseline,bank_marketing,retained_logistic_regression,growing_spheres,101,,,0.6,0.5343382861268768,0.132,1.0,0.07729524009168813,2.169533082022099
e1_baseline,bank_marketing,retained_logistic_regression,growing_spheres,101,,,0.7,0.5343382861268768,0.068,1.0,0.07729524009168813,2.169533082022099
e1_baseline,bank_marketing,retained_logistic_regression,growing_spheres,101,,,0.8,0.5343382861268768,0.008,1.0,0.07729524009168813,2.169533082022099
e1_baseline,bank_marketing,retained_logistic_regression,growing_spheres,101,,,0.9,0.5343382861268768,0.0,1.0,0.07729524009168813,2.169533082022099
e1_baseline,bank_marketing,retained_logistic_regression,growing_spheres,202,,,0.5,0.5390835964227936,1.0,1.0,0.0760434787360998,2.1811409929650836
e1_baseline,bank_marketing,retained_logistic_regression,growing_spheres,202,,,0.6,0.5390835964227936,0.152,1.0,0.0760434787360998,2.1811409929650836
e1_baseline,bank_marketing,retained_logistic_regression,growing_spheres,202,,,0.7,0.5390835964227936,0.084,1.0,0.0760434787360998,2.1811409929650836
e1_baseline,bank_marketing,retained_logistic_regression,growing_spheres,202,,,0.8,0.5390835964227936,0.016,1.0,0.0760434787360998,2.1811409929650836
e1_baseline,bank_marketing,retained_logistic_regression,growing_spheres,202,,,0.9,0.5390835964227936,0.0,1.0,0.0760434787360998,2.1811409929650836
e1_baseline,bank_marketing,retained_logistic_regression,growing_spheres,303,,,0.5,0.5358591980625091,1.0,1.0,0.07559034913337917,2.17342837198521
e1_baseline,bank_marketing,retained_logistic_regression,growing_spheres,303,,,0.6,0.5358591980625091,0.152,1.0,0.07559034913337917,2.17342837198521
e1_baseline,bank_marketing,retained_logistic_regression,growing_spheres,303,,,0.7,0.5358591980625091,0.064,1.0,0.07559034913337917,2.17342837198521
e1_baseline,bank_marketing,retained_logistic_regression,growing_spheres,303,,,0.8,0.5358591980625091,0.016,1.0,0.07559034913337917,2.17342837198521
e1_baseline,bank_marketing,retained_logistic_regression,growing_spheres,303,,,0.9,0.5358591980625091,0.0,1.0,0.07559034913337917,2.17342837198521
e1_baseline,bank_marketing,retained_logistic_regression,dice,17,,,0.5,0.5235487802488714,1.0,1.0,0.13717333608259413,36.10787467198679
e1_baseline,bank_marketing,retained_logistic_regression,dice,17,,,0.6,0.5235487802488714,0.084,1.0,0.13717333608259413,36.10787467198679
e1_baseline,bank_marketing,retained_logistic_regression,dice,17,,,0.7,0.5235487802488714,0.032,1.0,0.13717333608259413,36.10787467198679
e1_baseline,bank_marketing,retained_logistic_regression,dice,17,,,0.8,0.5235487802488714,0.024,1.0,0.13717333608259413,36.10787467198679
e1_baseline,bank_marketing,retained_logistic_regression,dice,17,,,0.9,0.5235487802488714,0.0,1.0,0.13717333608259413,36.10787467198679
e1_baseline,bank_marketing,retained_logistic_regression,dice,42,,,0.5,0.5223038016967148,1.0,1.0,0.13510051845397822,36.02763857302489
e1_baseline,bank_marketing,retained_logistic_regression,dice,42,,,0.6,0.5223038016967148,0.08,1.0,0.13510051845397822,36.02763857302489
e1_baseline,bank_marketing,retained_logistic_regression,dice,42,,,0.7,0.5223038016967148,0.036,1.0,0.13510051845397822,36.02763857302489
e1_baseline,bank_marketing,retained_logistic_regression,dice,42,,,0.8,0.5223038016967148,0.02,1.0,0.13510051845397822,36.02763857302489
e1_baseline,bank_marketing,retained_logistic_regression,dice,42,,,0.9,0.5223038016967148,0.0,1.0,0.13510051845397822,36.02763857302489
e1_baseline,bank_marketing,retained_logistic_regression,dice,101,,,0.5,0.5251931840834198,1.0,1.0,0.13556490015130568,36.12941252699238
e1_baseline,bank_marketing,retained_logistic_regression,dice,101,,,0.6,0.5251931840834198,0.092,1.0,0.13556490015130568,36.12941252699238
e1_baseline,bank_marketing,retained_logistic_regression,dice,101,,,0.7,0.5251931840834198,0.04,1.0,0.13556490015130568,36.12941252699238
e1_baseline,bank_marketing,retained_logistic_regression,dice,101,,,0.8,0.5251931840834198,0.02,1.0,0.13556490015130568,36.12941252699238
e1_baseline,bank_marketing,retained_logistic_regression,dice,101,,,0.9,0.5251931840834198,0.0,1.0,0.13556490015130568,36.12941252699238
e1_baseline,bank_marketing,retained_logistic_regression,dice,202,,,0.5,0.5226923972144214,1.0,1.0,0.13549321605812584,36.18150996800978
e1_baseline,bank_marketing,retained_logistic_regression,dice,202,,,0.6,0.5226923972144214,0.08,1.0,0.13549321605812584,36.18150996800978
e1_baseline,bank_marketing,retained_logistic_regression,dice,202,,,0.7,0.5226923972144214,0.036,1.0,0.13549321605812584,36.18150996800978
e1_baseline,bank_marketing,retained_logistic_regression,dice,202,,,0.8,0.5226923972144214,0.016,1.0,0.13549321605812584,36.18150996800978
e1_baseline,bank_marketing,retained_logistic_regression,dice,202,,,0.9,0.5226923972144214,0.0,1.0,0.13549321605812584,36.18150996800978
e1_baseline,bank_marketing,retained_logistic_regression,dice,303,,,0.5,0.5223456224784393,1.0,0.996,0.1375310435687557,37.4619755790045
e1_baseline,bank_marketing,retained_logistic_regression,dice,303,,,0.6,0.5223456224784393,0.08835341365461848,0.996,0.1375310435687557,37.4619755790045
e1_baseline,bank_marketing,retained_logistic_regression,dice,303,,,0.7,0.5223456224784393,0.028112449799196786,0.996,0.1375310435687557,37.4619755790045
e1_baseline,bank_marketing,retained_logistic_regression,dice,303,,,0.8,0.5223456224784393,0.01606425702811245,0.996,0.1375310435687557,37.4619755790045
e1_baseline,bank_marketing,retained_logistic_regression,dice,303,,,0.9,0.5223456224784393,0.0,0.996,0.1375310435687557,37.4619755790045
e1_baseline,bank_marketing,retained_logistic_regression,face,17,,,0.5,0.6728954188225297,1.0,1.0,0.08161010981958304,6.041291633970104
e1_baseline,bank_marketing,retained_logistic_regression,face,17,,,0.6,0.6728954188225297,0.592,1.0,0.08161010981958304,6.041291633970104
e1_baseline,bank_marketing,retained_logistic_regression,face,17,,,0.7,0.6728954188225297,0.384,1.0,0.08161010981958304,6.041291633970104
e1_baseline,bank_marketing,retained_logistic_regression,face,17,,,0.8,0.6728954188225297,0.2,1.0,0.08161010981958304,6.041291633970104
e1_baseline,bank_marketing,retained_logistic_regression,face,17,,,0.9,0.6728954188225297,0.08,1.0,0.08161010981958304,6.041291633970104
e1_baseline,bank_marketing,retained_logistic_regression,face,42,,,0.5,0.6728954188225297,1.0,1.0,0.08161010981958304,6.002351216011448
e1_baseline,bank_marketing,retained_logistic_regression,face,42,,,0.6,0.6728954188225297,0.592,1.0,0.08161010981958304,6.002351216011448
e1_baseline,bank_marketing,retained_logistic_regression,face,42,,,0.7,0.6728954188225297,0.384,1.0,0.08161010981958304,6.002351216011448
e1_baseline,bank_marketing,retained_logistic_regression,face,42,,,0.8,0.6728954188225297,0.2,1.0,0.08161010981958304,6.002351216011448
e1_baseline,bank_marketing,retained_logistic_regression,face,42,,,0.9,0.6728954188225297,0.08,1.0,0.08161010981958304,6.002351216011448
e1_baseline,bank_marketing,retained_logistic_regression,face,101,,,0.5,0.6728954188225297,1.0,1.0,0.08161010981958304,6.06405252602417
e1_baseline,bank_marketing,retained_logistic_regression,face,101,,,0.6,0.6728954188225297,0.592,1.0,0.08161010981958304,6.06405252602417
e1_baseline,bank_marketing,retained_logistic_regression,face,101,,,0.7,0.6728954188225297,0.384,1.0,0.08161010981958304,6.06405252602417
e1_baseline,bank_marketing,retained_logistic_regression,face,101,,,0.8,0.6728954188225297,0.2,1.0,0.08161010981958304,6.06405252602417
e1_baseline,bank_marketing,retained_logistic_regression,face,101,,,0.9,0.6728954188225297,0.08,1.0,0.08161010981958304,6.06405252602417
e1_baseline,bank_marketing,retained_logistic_regression,face,202,,,0.5,0.6728954188225297,1.0,1.0,0.08161010981958304,5.792719743010821
e1_baseline,bank_marketing,retained_logistic_regression,face,202,,,0.6,0.6728954188225297,0.592,1.0,0.08161010981958304,5.792719743010821
e1_baseline,bank_marketing,retained_logistic_regression,face,202,,,0.7,0.6728954188225297,0.384,1.0,0.08161010981958304,5.792719743010821
e1_baseline,bank_marketing,retained_logistic_regression,face,202,,,0.8,0.6728954188225297,0.2,1.0,0.08161010981958304,5.792719743010821
e1_baseline,bank_marketing,retained_logistic_regression,face,202,,,0.9,0.6728954188225297,0.08,1.0,0.08161010981958304,5.792719743010821
e1_baseline,bank_marketing,retained_logistic_regression,face,303,,,0.5,0.6728954188225297,1.0,1.0,0.08161010981958304,5.415664104017196
e1_baseline,bank_marketing,retained_logistic_regression,face,303,,,0.6,0.6728954188225297,0.592,1.0,0.08161010981958304,5.415664104017196
e1_baseline,bank_marketing,retained_logistic_regression,face,303,,,0.7,0.6728954188225297,0.384,1.0,0.08161010981958304,5.415664104017196
e1_baseline,bank_marketing,retained_logistic_regression,face,303,,,0.8,0.6728954188225297,0.2,1.0,0.08161010981958304,5.415664104017196
e1_baseline,bank_marketing,retained_logistic_regression,face,303,,,0.9,0.6728954188225297,0.08,1.0,0.08161010981958304,5.415664104017196
e1_baseline,give_me_some_credit,retained_logistic_regression,countercontex,17,,,0.5,0.605767854040564,1.0,1.0,0.08155294333873944,254.29516925098142
e1_baseline,give_me_some_credit,retained_logistic_regression,countercontex,17,,,0.6,0.605767854040564,0.476,1.0,0.08155294333873944,254.29516925098142
e1_baseline,give_me_some_credit,retained_logistic_regression,countercontex,17,,,0.7,0.605767854040564,0.244,1.0,0.08155294333873944,254.29516925098142
e1_baseline,give_me_some_credit,retained_logistic_regression,countercontex,17,,,0.8,0.605767854040564,0.012,1.0,0.08155294333873944,254.29516925098142
e1_baseline,give_me_some_credit,retained_logistic_regression,countercontex,17,,,0.9,0.605767854040564,0.0,1.0,0.08155294333873944,254.29516925098142
e1_baseline,give_me_some_credit,retained_logistic_regression,countercontex,42,,,0.5,0.605767854040564,1.0,1.0,0.08155294333873944,227.2009612499969
e1_baseline,give_me_some_credit,retained_logistic_regression,countercontex,42,,,0.6,0.605767854040564,0.476,1.0,0.08155294333873944,227.2009612499969
e1_baseline,give_me_some_credit,retained_logistic_regression,countercontex,42,,,0.7,0.605767854040564,0.244,1.0,0.08155294333873944,227.2009612499969
e1_baseline,give_me_some_credit,retained_logistic_regression,countercontex,42,,,0.8,0.605767854040564,0.012,1.0,0.08155294333873944,227.2009612499969
e1_baseline,give_me_some_credit,retained_logistic_regression,countercontex,42,,,0.9,0.605767854040564,0.0,1.0,0.08155294333873944,227.2009612499969
e1_baseline,give_me_some_credit,retained_logistic_regression,countercontex,101,,,0.5,0.605767854040564,1.0,1.0,0.08155294333873944,225.50888028400368
e1_baseline,give_me_some_credit,retained_logistic_regression,countercontex,101,,,0.6,0.605767854040564,0.476,1.0,0.08155294333873944,225.50888028400368
e1_baseline,give_me_some_credit,retained_logistic_regression,countercontex,101,,,0.7,0.605767854040564,0.244,1.0,0.08155294333873944,225.50888028400368
e1_baseline,give_me_some_credit,retained_logistic_regression,countercontex,101,,,0.8,0.605767854040564,0.012,1.0,0.08155294333873944,225.50888028400368
e1_baseline,give_me_some_credit,retained_logistic_regression,countercontex,101,,,0.9,0.605767854040564,0.0,1.0,0.08155294333873944,225.50888028400368
e1_baseline,give_me_some_credit,retained_logistic_regression,countercontex,202,,,0.5,0.605767854040564,1.0,1.0,0.08155294333873944,240.54862208597478
e1_baseline,give_me_some_credit,retained_logistic_regression,countercontex,202,,,0.6,0.605767854040564,0.476,1.0,0.08155294333873944,240.54862208597478
e1_baseline,give_me_some_credit,retained_logistic_regression,countercontex,202,,,0.7,0.605767854040564,0.244,1.0,0.08155294333873944,240.54862208597478
e1_baseline,give_me_some_credit,retained_logistic_regression,countercontex,202,,,0.8,0.605767854040564,0.012,1.0,0.08155294333873944,240.54862208597478
e1_baseline,give_me_some_credit,retained_logistic_regression,countercontex,202,,,0.9,0.605767854040564,0.0,1.0,0.08155294333873944,240.54862208597478
e1_baseline,give_me_some_credit,retained_logistic_regression,countercontex,303,,,0.5,0.605767854040564,1.0,1.0,0.08155294333873944,248.54172808400472
e1_baseline,give_me_some_credit,retained_logistic_regression,countercontex,303,,,0.6,0.605767854040564,0.476,1.0,0.08155294333873944,248.54172808400472
e1_baseline,give_me_some_credit,retained_logistic_regression,countercontex,303,,,0.7,0.605767854040564,0.244,1.0,0.08155294333873944,248.54172808400472
e1_baseline,give_me_some_credit,retained_logistic_regression,countercontex,303,,,0.8,0.605767854040564,0.012,1.0,0.08155294333873944,248.54172808400472
e1_baseline,give_me_some_credit,retained_logistic_regression,countercontex,303,,,0.9,0.605767854040564,0.0,1.0,0.08155294333873944,248.54172808400472
e1_baseline,give_me_some_credit,retained_logistic_regression,nice,17,,,0.5,0.5383263116007989,1.0,1.0,0.052957756564946674,0.8431505699991249
e1_baseline,give_me_some_credit,retained_logistic_regression,nice,17,,,0.6,0.5383263116007989,0.104,1.0,0.052957756564946674,0.8431505699991249
e1_baseline,give_me_some_credit,retained_logistic_regression,nice,17,,,0.7,0.5383263116007989,0.044,1.0,0.052957756564946674,0.8431505699991249
e1_baseline,give_me_some_credit,retained_logistic_regression,nice,17,,,0.8,0.5383263116007989,0.0,1.0,0.052957756564946674,0.8431505699991249
e1_baseline,give_me_some_credit,retained_logistic_regression,nice,17,,,0.9,0.5383263116007989,0.0,1.0,0.052957756564946674,0.8431505699991249
e1_baseline,give_me_some_credit,retained_logistic_regression,nice,42,,,0.5,0.5383263116007989,1.0,1.0,0.052957756564946674,0.7084487810207065
e1_baseline,give_me_some_credit,retained_logistic_regression,nice,42,,,0.6,0.5383263116007989,0.104,1.0,0.052957756564946674,0.7084487810207065
e1_baseline,give_me_some_credit,retained_logistic_regression,nice,42,,,0.7,0.5383263116007989,0.044,1.0,0.052957756564946674,0.7084487810207065
e1_baseline,give_me_some_credit,retained_logistic_regression,nice,42,,,0.8,0.5383263116007989,0.0,1.0,0.052957756564946674,0.7084487810207065
e1_baseline,give_me_some_credit,retained_logistic_regression,nice,42,,,0.9,0.5383263116007989,0.0,1.0,0.052957756564946674,0.7084487810207065
e1_baseline,give_me_some_credit,retained_logistic_regression,nice,101,,,0.5,0.5383263116007989,1.0,1.0,0.052957756564946674,0.7085643500031438
e1_baseline,give_me_some_credit,retained_logistic_regression,nice,101,,,0.6,0.5383263116007989,0.104,1.0,0.052957756564946674,0.7085643500031438
e1_baseline,give_me_some_credit,retained_logistic_regression,nice,101,,,0.7,0.5383263116007989,0.044,1.0,0.052957756564946674,0.7085643500031438
e1_baseline,give_me_some_credit,retained_logistic_regression,nice,101,,,0.8,0.5383263116007989,0.0,1.0,0.052957756564946674,0.7085643500031438
e1_baseline,give_me_some_credit,retained_logistic_regression,nice,101,,,0.9,0.5383263116007989,0.0,1.0,0.052957756564946674,0.7085643500031438
e1_baseline,give_me_some_credit,retained_logistic_regression,nice,202,,,0.5,0.5383263116007989,1.0,1.0,0.052957756564946674,0.7081462719943374
e1_baseline,give_me_some_credit,retained_logistic_regression,nice,202,,,0.6,0.5383263116007989,0.104,1.0,0.052957756564946674,0.7081462719943374
e1_baseline,give_me_some_credit,retained_logistic_regression,nice,202,,,0.7,0.5383263116007989,0.044,1.0,0.052957756564946674,0.7081462719943374
e1_baseline,give_me_some_credit,retained_logistic_regression,nice,202,,,0.8,0.5383263116007989,0.0,1.0,0.052957756564946674,0.7081462719943374
e1_baseline,give_me_some_credit,retained_logistic_regression,nice,202,,,0.9,0.5383263116007989,0.0,1.0,0.052957756564946674,0.7081462719943374
e1_baseline,give_me_some_credit,retained_logistic_regression,nice,303,,,0.5,0.5383263116007989,1.0,1.0,0.052957756564946674,0.7908116659964435
e1_baseline,give_me_some_credit,retained_logistic_regression,nice,303,,,0.6,0.5383263116007989,0.104,1.0,0.052957756564946674,0.7908116659964435
e1_baseline,give_me_some_credit,retained_logistic_regression,nice,303,,,0.7,0.5383263116007989,0.044,1.0,0.052957756564946674,0.7908116659964435
e1_baseline,give_me_some_credit,retained_logistic_regression,nice,303,,,0.8,0.5383263116007989,0.0,1.0,0.052957756564946674,0.7908116659964435
e1_baseline,give_me_some_credit,retained_logistic_regression,nice,303,,,0.9,0.5383263116007989,0.0,1.0,0.052957756564946674,0.7908116659964435
e1_baseline,give_me_some_credit,retained_logistic_regression,wachter,17,,,0.5,0.5872904135707553,1.0,0.996,0.08964326900671324,3.072305506997509
e1_baseline,give_me_some_credit,retained_logistic_regression,wachter,17,,,0.6,0.5872904135707553,0.40963855421686746,0.996,0.08964326900671324,3.072305506997509
e1_baseline,give_me_some_credit,retained_logistic_regression,wachter,17,,,0.7,0.5872904135707553,0.10441767068273092,0.996,0.08964326900671324,3.072305506997509
e1_baseline,give_me_some_credit,retained_logistic_regression,wachter,17,,,0.8,0.5872904135707553,0.0,0.996,0.08964326900671324,3.072305506997509
e1_baseline,give_me_some_credit,retained_logistic_regression,wachter,17,,,0.9,0.5872904135707553,0.0,0.996,0.08964326900671324,3.072305506997509
e1_baseline,give_me_some_credit,retained_logistic_regression,wachter,42,,,0.5,0.5872904135707553,1.0,0.996,0.08964326900671324,3.077155824023066
e1_baseline,give_me_some_credit,retained_logistic_regression,wachter,42,,,0.6,0.5872904135707553,0.40963855421686746,0.996,0.08964326900671324,3.077155824023066
e1_baseline,give_me_some_credit,retained_logistic_regression,wachter,42,,,0.7,0.5872904135707553,0.10441767068273092,0.996,0.08964326900671324,3.077155824023066
e1_baseline,give_me_some_credit,retained_logistic_regression,wachter,42,,,0.8,0.5872904135707553,0.0,0.996,0.08964326900671324,3.077155824023066
e1_baseline,give_me_some_credit,retained_logistic_regression,wachter,42,,,0.9,0.5872904135707553,0.0,0.996,0.08964326900671324,3.077155824023066
e1_baseline,give_me_some_credit,retained_logistic_regression,wachter,101,,,0.5,0.5872904135707553,1.0,0.996,0.08964326900671324,3.0745395770063624
e1_baseline,give_me_some_credit,retained_logistic_regression,wachter,101,,,0.6,0.5872904135707553,0.40963855421686746,0.996,0.08964326900671324,3.0745395770063624
e1_baseline,give_me_some_credit,retained_logistic_regression,wachter,101,,,0.7,0.5872904135707553,0.10441767068273092,0.996,0.08964326900671324,3.0745395770063624
e1_baseline,give_me_some_credit,retained_logistic_regression,wachter,101,,,0.8,0.5872904135707553,0.0,0.996,0.08964326900671324,3.0745395770063624
e1_baseline,give_me_some_credit,retained_logistic_regression,wachter,101,,,0.9,0.5872904135707553,0.0,0.996,0.08964326900671324,3.0745395770063624
e1_baseline,give_me_some_credit,retained_logistic_regression,wachter,202,,,0.5,0.5872904135707553,1.0,0.996,0.08964326900671324,3.06377701999736
e1_baseline,give_me_some_credit,retained_logistic_regression,wachter,202,,,0.6,0.5872904135707553,0.40963855421686746,0.996,0.08964326900671324,3.06377701999736
e1_baseline,give_me_some_credit,retained_logistic_regression,wachter,202,,,0.7,0.5872904135707553,0.10441767068273092,0.996,0.08964326900671324,3.06377701999736
e1_baseline,give_me_some_credit,retained_logistic_regression,wachter,202,,,0.8,0.5872904135707553,0.0,0.996,0.08964326900671324,3.06377701999736
e1_baseline,give_me_some_credit,retained_logistic_regression,wachter,202,,,0.9,0.5872904135707553,0.0,0.996,0.08964326900671324,3.06377701999736
e1_baseline,give_me_some_credit,retained_logistic_regression,wachter,303,,,0.5,0.5872904135707553,1.0,0.996,0.08964326900671324,3.066285621986026
e1_baseline,give_me_some_credit,retained_logistic_regression,wachter,303,,,0.6,0.5872904135707553,0.40963855421686746,0.996,0.08964326900671324,3.066285621986026
e1_baseline,give_me_some_credit,retained_logistic_regression,wachter,303,,,0.7,0.5872904135707553,0.10441767068273092,0.996,0.08964326900671324,3.066285621986026
e1_baseline,give_me_some_credit,retained_logistic_regression,wachter,303,,,0.8,0.5872904135707553,0.0,0.996,0.08964326900671324,3.066285621986026
e1_baseline,give_me_some_credit,retained_logistic_regression,wachter,303,,,0.9,0.5872904135707553,0.0,0.996,0.08964326900671324,3.066285621986026
e1_baseline,give_me_some_credit,retained_logistic_regression,growing_spheres,17,,,0.5,0.6343301807593524,1.0,1.0,0.09253671723389971,0.8997554820089135
e1_baseline,give_me_some_credit,retained_logistic_regression,growing_spheres,17,,,0.6,0.6343301807593524,0.552,1.0,0.09253671723389971,0.8997554820089135
e1_baseline,give_me_some_credit,retained_logistic_regression,growing_spheres,17,,,0.7,0.6343301807593524,0.316,1.0,0.09253671723389971,0.8997554820089135
e1_baseline,give_me_some_credit,retained_logistic_regression,growing_spheres,17,,,0.8,0.6343301807593524,0.096,1.0,0.09253671723389971,0.8997554820089135
e1_baseline,give_me_some_credit,retained_logistic_regression,growing_spheres,17,,,0.9,0.6343301807593524,0.0,1.0,0.09253671723389971,0.8997554820089135
e1_baseline,give_me_some_credit,retained_logistic_regression,growing_spheres,42,,,0.5,0.6364077081007568,1.0,1.0,0.09276189208508126,0.912526292988332
e1_baseline,give_me_some_credit,retained_logistic_regression,growing_spheres,42,,,0.6,0.6364077081007568,0.56,1.0,0.09276189208508126,0.912526292988332
e1_baseline,give_me_some_credit,retained_logistic_regression,growing_spheres,42,,,0.7,0.6364077081007568,0.332,1.0,0.09276189208508126,0.912526292988332
e1_baseline,give_me_some_credit,retained_logistic_regression,growing_spheres,42,,,0.8,0.6364077081007568,0.104,1.0,0.09276189208508126,0.912526292988332
e1_baseline,give_me_some_credit,retained_logistic_regression,growing_spheres,42,,,0.9,0.6364077081007568,0.008,1.0,0.09276189208508126,0.912526292988332
e1_baseline,give_me_some_credit,retained_logistic_regression,growing_spheres,101,,,0.5,0.6456079904072533,1.0,1.0,0.09271516947655599,0.9082703390158713
e1_baseline,give_me_some_credit,retained_logistic_regression,growing_spheres,101,,,0.6,0.6456079904072533,0.588,1.0,0.09271516947655599,0.9082703390158713
e1_baseline,give_me_some_credit,retained_logistic_regression,growing_spheres,101,,,0.7,0.6456079904072533,0.368,1.0,0.09271516947655599,0.9082703390158713
e1_baseline,give_me_some_credit,retained_logistic_regression,growing_spheres,101,,,0.8,0.6456079904072533,0.128,1.0,0.09271516947655599,0.9082703390158713
e1_baseline,give_me_some_credit,retained_logistic_regression,growing_spheres,101,,,0.9,0.6456079904072533,0.008,1.0,0.09271516947655599,0.9082703390158713
e1_baseline,give_me_some_credit,retained_logistic_regression,growing_spheres,202,,,0.5,0.6453909436616981,1.0,1.0,0.093545901892351,0.9257733610284049
e1_baseline,give_me_some_credit,retained_logistic_regression,growing_spheres,202,,,0.6,0.6453909436616981,0.588,1.0,0.093545901892351,0.9257733610284049
e1_baseline,give_me_some_credit,retained_logistic_regression,growing_spheres,202,,,0.7,0.6453909436616981,0.352,1.0,0.093545901892351,0.9257733610284049
e1_baseline,give_me_some_credit,retained_logistic_regression,growing_spheres,202,,,0.8,0.6453909436616981,0.12,1.0,0.093545901892351,0.9257733610284049
e1_baseline,give_me_some_credit,retained_logistic_regression,growing_spheres,202,,,0.9,0.6453909436616981,0.0,1.0,0.093545901892351,0.9257733610284049
e1_baseline,give_me_some_credit,retained_logistic_regression,growing_spheres,303,,,0.5,0.6458909589152647,1.0,1.0,0.09276039420188775,0.905266551009845
e1_baseline,give_me_some_credit,retained_logistic_regression,growing_spheres,303,,,0.6,0.6458909589152647,0.576,1.0,0.09276039420188775,0.905266551009845
e1_baseline,give_me_some_credit,retained_logistic_regression,growing_spheres,303,,,0.7,0.6458909589152647,0.344,1.0,0.09276039420188775,0.905266551009845
e1_baseline,give_me_some_credit,retained_logistic_regression,growing_spheres,303,,,0.8,0.6458909589152647,0.16,1.0,0.09276039420188775,0.905266551009845
e1_baseline,give_me_some_credit,retained_logistic_regression,growing_spheres,303,,,0.9,0.6458909589152647,0.0,1.0,0.09276039420188775,0.905266551009845
e1_baseline,give_me_some_credit,retained_logistic_regression,dice,17,,,0.5,0.6420153262524161,1.0,1.0,0.10502114645121056,14.476767177024158
e1_baseline,give_me_some_credit,retained_logistic_regression,dice,17,,,0.6,0.6420153262524161,0.624,1.0,0.10502114645121056,14.476767177024158
e1_baseline,give_me_some_credit,retained_logistic_regression,dice,17,,,0.7,0.6420153262524161,0.308,1.0,0.10502114645121056,14.476767177024158
e1_baseline,give_me_some_credit,retained_logistic_regression,dice,17,,,0.8,0.6420153262524161,0.076,1.0,0.10502114645121056,14.476767177024158
e1_baseline,give_me_some_credit,retained_logistic_regression,dice,17,,,0.9,0.6420153262524161,0.0,1.0,0.10502114645121056,14.476767177024158
e1_baseline,give_me_some_credit,retained_logistic_regression,dice,42,,,0.5,0.6461161533915147,1.0,0.992,0.10522993583498674,15.300998944992898
e1_baseline,give_me_some_credit,retained_logistic_regression,dice,42,,,0.6,0.6461161533915147,0.6411290322580645,0.992,0.10522993583498674,15.300998944992898
e1_baseline,give_me_some_credit,retained_logistic_regression,dice,42,,,0.7,0.6461161533915147,0.31451612903225806,0.992,0.10522993583498674,15.300998944992898
e1_baseline,give_me_some_credit,retained_logistic_regression,dice,42,,,0.8,0.6461161533915147,0.08064516129032258,0.992,0.10522993583498674,15.300998944992898
e1_baseline,give_me_some_credit,retained_logistic_regression,dice,42,,,0.9,0.6461161533915147,0.004032258064516129,0.992,0.10522993583498674,15.300998944992898
e1_baseline,give_me_some_credit,retained_logistic_regression,dice,101,,,0.5,0.6340341521384754,1.0,0.996,0.10244456741788369,15.041730579017894
e1_baseline,give_me_some_credit,retained_logistic_regression,dice,101,,,0.6,0.6340341521384754,0.5823293172690763,0.996,0.10244456741788369,15.041730579017894
e1_baseline,give_me_some_credit,retained_logistic_regression,dice,101,,,0.7,0.6340341521384754,0.26907630522088355,0.996,0.10244456741788369,15.041730579017894
e1_baseline,give_me_some_credit,retained_logistic_regression,dice,101,,,0.8,0.6340341521384754,0.08032128514056225,0.996,0.10244456741788369,15.041730579017894
e1_baseline,give_me_some_credit,retained_logistic_regression,dice,101,,,0.9,0.6340341521384754,0.004016064257028112,0.996,0.10244456741788369,15.041730579017894
e1_baseline,give_me_some_credit,retained_logistic_regression,dice,202,,,0.5,0.6415657908530602,1.0,1.0,0.10475908792457585,14.348082281037932
e1_baseline,give_me_some_credit,retained_logistic_regression,dice,202,,,0.6,0.6415657908530602,0.628,1.0,0.10475908792457585,14.348082281037932
e1_baseline,give_me_some_credit,retained_logistic_regression,dice,202,,,0.7,0.6415657908530602,0.288,1.0,0.10475908792457585,14.348082281037932
e1_baseline,give_me_some_credit,retained_logistic_regression,dice,202,,,0.8,0.6415657908530602,0.076,1.0,0.10475908792457585,14.348082281037932
e1_baseline,give_me_some_credit,retained_logistic_regression,dice,202,,,0.9,0.6415657908530602,0.004,1.0,0.10475908792457585,14.348082281037932
e1_baseline,give_me_some_credit,retained_logistic_regression,dice,303,,,0.5,0.6382676447749815,1.0,0.996,0.10352378414665243,14.884330160013633
e1_baseline,give_me_some_credit,retained_logistic_regression,dice,303,,,0.6,0.6382676447749815,0.6024096385542169,0.996,0.10352378414665243,14.884330160013633
e1_baseline,give_me_some_credit,retained_logistic_regression,dice,303,,,0.7,0.6382676447749815,0.285140562248996,0.996,0.10352378414665243,14.884330160013633
e1_baseline,give_me_some_credit,retained_logistic_regression,dice,303,,,0.8,0.6382676447749815,0.07228915662650602,0.996,0.10352378414665243,14.884330160013633
e1_baseline,give_me_some_credit,retained_logistic_regression,dice,303,,,0.9,0.6382676447749815,0.004016064257028112,0.996,0.10352378414665243,14.884330160013633
e1_baseline,give_me_some_credit,retained_logistic_regression,face,17,,,0.5,0.5363273453154856,1.0,1.0,0.06671498319597362,29.544466631981777
e1_baseline,give_me_some_credit,retained_logistic_regression,face,17,,,0.6,0.5363273453154856,0.124,1.0,0.06671498319597362,29.544466631981777
e1_baseline,give_me_some_credit,retained_logistic_regression,face,17,,,0.7,0.5363273453154856,0.012,1.0,0.06671498319597362,29.544466631981777
e1_baseline,give_me_some_credit,retained_logistic_regression,face,17,,,0.8,0.5363273453154856,0.0,1.0,0.06671498319597362,29.544466631981777
e1_baseline,give_me_some_credit,retained_logistic_regression,face,17,,,0.9,0.5363273453154856,0.0,1.0,0.06671498319597362,29.544466631981777
e1_baseline,give_me_some_credit,retained_logistic_regression,face,42,,,0.5,0.5363273453154856,1.0,1.0,0.06671498319597362,29.50933071298641
e1_baseline,give_me_some_credit,retained_logistic_regression,face,42,,,0.6,0.5363273453154856,0.124,1.0,0.06671498319597362,29.50933071298641
e1_baseline,give_me_some_credit,retained_logistic_regression,face,42,,,0.7,0.5363273453154856,0.012,1.0,0.06671498319597362,29.50933071298641
e1_baseline,give_me_some_credit,retained_logistic_regression,face,42,,,0.8,0.5363273453154856,0.0,1.0,0.06671498319597362,29.50933071298641
e1_baseline,give_me_some_credit,retained_logistic_regression,face,42,,,0.9,0.5363273453154856,0.0,1.0,0.06671498319597362,29.50933071298641
e1_baseline,give_me_some_credit,retained_logistic_regression,face,101,,,0.5,0.5363273453154856,1.0,1.0,0.06671498319597362,29.22337745098048
e1_baseline,give_me_some_credit,retained_logistic_regression,face,101,,,0.6,0.5363273453154856,0.124,1.0,0.06671498319597362,29.22337745098048
e1_baseline,give_me_some_credit,retained_logistic_regression,face,101,,,0.7,0.5363273453154856,0.012,1.0,0.06671498319597362,29.22337745098048
e1_baseline,give_me_some_credit,retained_logistic_regression,face,101,,,0.8,0.5363273453154856,0.0,1.0,0.06671498319597362,29.22337745098048
e1_baseline,give_me_some_credit,retained_logistic_regression,face,101,,,0.9,0.5363273453154856,0.0,1.0,0.06671498319597362,29.22337745098048
e1_baseline,give_me_some_credit,retained_logistic_regression,face,202,,,0.5,0.5363273453154856,1.0,1.0,0.06671498319597362,29.465499758982332
e1_baseline,give_me_some_credit,retained_logistic_regression,face,202,,,0.6,0.5363273453154856,0.124,1.0,0.06671498319597362,29.465499758982332
e1_baseline,give_me_some_credit,retained_logistic_regression,face,202,,,0.7,0.5363273453154856,0.012,1.0,0.06671498319597362,29.465499758982332
e1_baseline,give_me_some_credit,retained_logistic_regression,face,202,,,0.8,0.5363273453154856,0.0,1.0,0.06671498319597362,29.465499758982332
e1_baseline,give_me_some_credit,retained_logistic_regression,face,202,,,0.9,0.5363273453154856,0.0,1.0,0.06671498319597362,29.465499758982332
e1_baseline,give_me_some_credit,retained_logistic_regression,face,303,,,0.5,0.5363273453154856,1.0,1.0,0.06671498319597362,29.638256684993394
e1_baseline,give_me_some_credit,retained_logistic_regression,face,303,,,0.6,0.5363273453154856,0.124,1.0,0.06671498319597362,29.638256684993394
e1_baseline,give_me_some_credit,retained_logistic_regression,face,303,,,0.7,0.5363273453154856,0.012,1.0,0.06671498319597362,29.638256684993394
e1_baseline,give_me_some_credit,retained_logistic_regression,face,303,,,0.8,0.5363273453154856,0.0,1.0,0.06671498319597362,29.638256684993394
e1_baseline,give_me_some_credit,retained_logistic_regression,face,303,,,0.9,0.5363273453154856,0.0,1.0,0.06671498319597362,29.638256684993394
e1_baseline,adult_census,retained_logistic_regression,countercontex,17,,,0.5,0.5337453145396697,1.0,1.0,0.09299931849045547,269.69099756900687
e1_baseline,adult_census,retained_logistic_regression,countercontex,17,,,0.6,0.5337453145396697,0.104,1.0,0.09299931849045547,269.69099756900687
e1_baseline,adult_census,retained_logistic_regression,countercontex,17,,,0.7,0.5337453145396697,0.016,1.0,0.09299931849045547,269.69099756900687
e1_baseline,adult_census,retained_logistic_regression,countercontex,17,,,0.8,0.5337453145396697,0.0,1.0,0.09299931849045547,269.69099756900687
e1_baseline,adult_census,retained_logistic_regression,countercontex,17,,,0.9,0.5337453145396697,0.0,1.0,0.09299931849045547,269.69099756900687
e1_baseline,adult_census,retained_logistic_regression,countercontex,42,,,0.5,0.5337453145396697,1.0,1.0,0.09299931849045547,264.3377704550221
e1_baseline,adult_census,retained_logistic_regression,countercontex,42,,,0.6,0.5337453145396697,0.104,1.0,0.09299931849045547,264.3377704550221
e1_baseline,adult_census,retained_logistic_regression,countercontex,42,,,0.7,0.5337453145396697,0.016,1.0,0.09299931849045547,264.3377704550221
e1_baseline,adult_census,retained_logistic_regression,countercontex,42,,,0.8,0.5337453145396697,0.0,1.0,0.09299931849045547,264.3377704550221
e1_baseline,adult_census,retained_logistic_regression,countercontex,42,,,0.9,0.5337453145396697,0.0,1.0,0.09299931849045547,264.3377704550221
e1_baseline,adult_census,retained_logistic_regression,countercontex,101,,,0.5,0.5337453145396697,1.0,1.0,0.09299931849045547,292.7129503019969
e1_baseline,adult_census,retained_logistic_regression,countercontex,101,,,0.6,0.5337453145396697,0.104,1.0,0.09299931849045547,292.7129503019969
e1_baseline,adult_census,retained_logistic_regression,countercontex,101,,,0.7,0.5337453145396697,0.016,1.0,0.09299931849045547,292.7129503019969
e1_baseline,adult_census,retained_logistic_regression,countercontex,101,,,0.8,0.5337453145396697,0.0,1.0,0.09299931849045547,292.7129503019969
e1_baseline,adult_census,retained_logistic_regression,countercontex,101,,,0.9,0.5337453145396697,0.0,1.0,0.09299931849045547,292.7129503019969
e1_baseline,adult_census,retained_logistic_regression,countercontex,202,,,0.5,0.5337453145396697,1.0,1.0,0.09299931849045547,288.9501491159899
e1_baseline,adult_census,retained_logistic_regression,countercontex,202,,,0.6,0.5337453145396697,0.104,1.0,0.09299931849045547,288.9501491159899
e1_baseline,adult_census,retained_logistic_regression,countercontex,202,,,0.7,0.5337453145396697,0.016,1.0,0.09299931849045547,288.9501491159899
e1_baseline,adult_census,retained_logistic_regression,countercontex,202,,,0.8,0.5337453145396697,0.0,1.0,0.09299931849045547,288.9501491159899
e1_baseline,adult_census,retained_logistic_regression,countercontex,202,,,0.9,0.5337453145396697,0.0,1.0,0.09299931849045547,288.9501491159899
e1_baseline,adult_census,retained_logistic_regression,countercontex,303,,,0.5,0.5337453145396697,1.0,1.0,0.09299931849045547,294.4103904440126
e1_baseline,adult_census,retained_logistic_regression,countercontex,303,,,0.6,0.5337453145396697,0.104,1.0,0.09299931849045547,294.4103904440126
e1_baseline,adult_census,retained_logistic_regression,countercontex,303,,,0.7,0.5337453145396697,0.016,1.0,0.09299931849045547,294.4103904440126
e1_baseline,adult_census,retained_logistic_regression,countercontex,303,,,0.8,0.5337453145396697,0.0,1.0,0.09299931849045547,294.4103904440126
e1_baseline,adult_census,retained_logistic_regression,countercontex,303,,,0.9,0.5337453145396697,0.0,1.0,0.09299931849045547,294.4103904440126
e1_baseline,adult_census,retained_logistic_regression,nice,17,,,0.5,0.633822602510559,1.0,0.96,0.0881328629387564,4.348025011015125
e1_baseline,adult_census,retained_logistic_regression,nice,17,,,0.6,0.633822602510559,0.4,0.96,0.0881328629387564,4.348025011015125
e1_baseline,adult_census,retained_logistic_regression,nice,17,,,0.7,0.633822602510559,0.20833333333333334,0.96,0.0881328629387564,4.348025011015125
e1_baseline,adult_census,retained_logistic_regression,nice,17,,,0.8,0.633822602510559,0.15,0.96,0.0881328629387564,4.348025011015125
e1_baseline,adult_census,retained_logistic_regression,nice,17,,,0.9,0.633822602510559,0.1125,0.96,0.0881328629387564,4.348025011015125
e1_baseline,adult_census,retained_logistic_regression,nice,42,,,0.5,0.633822602510559,1.0,0.96,0.0881328629387564,4.796743418002734
e1_baseline,adult_census,retained_logistic_regression,nice,42,,,0.6,0.633822602510559,0.4,0.96,0.0881328629387564,4.796743418002734
e1_baseline,adult_census,retained_logistic_regression,nice,42,,,0.7,0.633822602510559,0.20833333333333334,0.96,0.0881328629387564,4.796743418002734
e1_baseline,adult_census,retained_logistic_regression,nice,42,,,0.8,0.633822602510559,0.15,0.96,0.0881328629387564,4.796743418002734
e1_baseline,adult_census,retained_logistic_regression,nice,42,,,0.9,0.633822602510559,0.1125,0.96,0.0881328629387564,4.796743418002734
e1_baseline,adult_census,retained_logistic_regression,nice,101,,,0.5,0.633822602510559,1.0,0.96,0.0881328629387564,4.839509005978471
e1_baseline,adult_census,retained_logistic_regression,nice,101,,,0.6,0.633822602510559,0.4,0.96,0.0881328629387564,4.839509005978471
e1_baseline,adult_census,retained_logistic_regression,nice,101,,,0.7,0.633822602510559,0.20833333333333334,0.96,0.0881328629387564,4.839509005978471
e1_baseline,adult_census,retained_logistic_regression,nice,101,,,0.8,0.633822602510559,0.15,0.96,0.0881328629387564,4.839509005978471
e1_baseline,adult_census,retained_logistic_regression,nice,101,,,0.9,0.633822602510559,0.1125,0.96,0.0881328629387564,4.839509005978471
e1_baseline,adult_census,retained_logistic_regression,nice,202,,,0.5,0.633822602510559,1.0,0.96,0.0881328629387564,4.23100557300495
e1_baseline,adult_census,retained_logistic_regression,nice,202,,,0.6,0.633822602510559,0.4,0.96,0.0881328629387564,4.23100557300495
e1_baseline,adult_census,retained_logistic_regression,nice,202,,,0.7,0.633822602510559,0.20833333333333334,0.96,0.0881328629387564,4.23100557300495
e1_baseline,adult_census,retained_logistic_regression,nice,202,,,0.8,0.633822602510559,0.15,0.96,0.0881328629387564,4.23100557300495
e1_baseline,adult_census,retained_logistic_regression,nice,202,,,0.9,0.633822602510559,0.1125,0.96,0.0881328629387564,4.23100557300495
e1_baseline,adult_census,retained_logistic_regression,nice,303,,,0.5,0.633822602510559,1.0,0.96,0.0881328629387564,4.633350791991688
e1_baseline,adult_census,retained_logistic_regression,nice,303,,,0.6,0.633822602510559,0.4,0.96,0.0881328629387564,4.633350791991688
e1_baseline,adult_census,retained_logistic_regression,nice,303,,,0.7,0.633822602510559,0.20833333333333334,0.96,0.0881328629387564,4.633350791991688
e1_baseline,adult_census,retained_logistic_regression,nice,303,,,0.8,0.633822602510559,0.15,0.96,0.0881328629387564,4.633350791991688
e1_baseline,adult_census,retained_logistic_regression,nice,303,,,0.9,0.633822602510559,0.1125,0.96,0.0881328629387564,4.633350791991688
e1_baseline,adult_census,retained_logistic_regression,wachter,17,,,0.5,0.5371644366716859,1.0,0.996,0.10125668553460945,5.148124541010475
e1_baseline,adult_census,retained_logistic_regression,wachter,17,,,0.6,0.5371644366716859,0.14457831325301204,0.996,0.10125668553460945,5.148124541010475
e1_baseline,adult_census,retained_logistic_regression,wachter,17,,,0.7,0.5371644366716859,0.01606425702811245,0.996,0.10125668553460945,5.148124541010475
e1_baseline,adult_census,retained_logistic_regression,wachter,17,,,0.8,0.5371644366716859,0.004016064257028112,0.996,0.10125668553460945,5.148124541010475
e1_baseline,adult_census,retained_logistic_regression,wachter,17,,,0.9,0.5371644366716859,0.0,0.996,0.10125668553460945,5.148124541010475
e1_baseline,adult_census,retained_logistic_regression,wachter,42,,,0.5,0.5371644366716859,1.0,0.996,0.10125668553460945,4.7426063980092295
e1_baseline,adult_census,retained_logistic_regression,wachter,42,,,0.6,0.5371644366716859,0.14457831325301204,0.996,0.10125668553460945,4.7426063980092295
e1_baseline,adult_census,retained_logistic_regression,wachter,42,,,0.7,0.5371644366716859,0.01606425702811245,0.996,0.10125668553460945,4.7426063980092295
e1_baseline,adult_census,retained_logistic_regression,wachter,42,,,0.8,0.5371644366716859,0.004016064257028112,0.996,0.10125668553460945,4.7426063980092295
e1_baseline,adult_census,retained_logistic_regression,wachter,42,,,0.9,0.5371644366716859,0.0,0.996,0.10125668553460945,4.7426063980092295
e1_baseline,adult_census,retained_logistic_regression,wachter,101,,,0.5,0.5371644366716859,1.0,0.996,0.10125668553460945,4.734229255991522
e1_baseline,adult_census,retained_logistic_regression,wachter,101,,,0.6,0.5371644366716859,0.14457831325301204,0.996,0.10125668553460945,4.734229255991522
e1_baseline,adult_census,retained_logistic_regression,wachter,101,,,0.7,0.5371644366716859,0.01606425702811245,0.996,0.10125668553460945,4.734229255991522
e1_baseline,adult_census,retained_logistic_regression,wachter,101,,,0.8,0.5371644366716859,0.004016064257028112,0.996,0.10125668553460945,4.734229255991522
e1_baseline,adult_census,retained_logistic_regression,wachter,101,,,0.9,0.5371644366716859,0.0,0.996,0.10125668553460945,4.734229255991522
e1_baseline,adult_census,retained_logistic_regression,wachter,202,,,0.5,0.5371644366716859,1.0,0.996,0.10125668553460945,5.102036567986943
e1_baseline,adult_census,retained_logistic_regression,wachter,202,,,0.6,0.5371644366716859,0.14457831325301204,0.996,0.10125668553460945,5.102036567986943
e1_baseline,adult_census,retained_logistic_regression,wachter,202,,,0.7,0.5371644366716859,0.01606425702811245,0.996,0.10125668553460945,5.102036567986943
e1_baseline,adult_census,retained_logistic_regression,wachter,202,,,0.8,0.5371644366716859,0.004016064257028112,0.996,0.10125668553460945,5.102036567986943
e1_baseline,adult_census,retained_logistic_regression,wachter,202,,,0.9,0.5371644366716859,0.0,0.996,0.10125668553460945,5.102036567986943
e1_baseline,adult_census,retained_logistic_regression,wachter,303,,,0.5,0.5371644366716859,1.0,0.996,0.10125668553460945,4.77059442299651
e1_baseline,adult_census,retained_logistic_regression,wachter,303,,,0.6,0.5371644366716859,0.14457831325301204,0.996,0.10125668553460945,4.77059442299651
e1_baseline,adult_census,retained_logistic_regression,wachter,303,,,0.7,0.5371644366716859,0.01606425702811245,0.996,0.10125668553460945,4.77059442299651
e1_baseline,adult_census,retained_logistic_regression,wachter,303,,,0.8,0.5371644366716859,0.004016064257028112,0.996,0.10125668553460945,4.77059442299651
e1_baseline,adult_census,retained_logistic_regression,wachter,303,,,0.9,0.5371644366716859,0.0,0.996,0.10125668553460945,4.77059442299651
e1_baseline,adult_census,retained_logistic_regression,growing_spheres,17,,,0.5,0.5417801491383721,1.0,1.0,0.07779034997044668,3.7561161660123616
e1_baseline,adult_census,retained_logistic_regression,growing_spheres,17,,,0.6,0.5417801491383721,0.168,1.0,0.07779034997044668,3.7561161660123616
e1_baseline,adult_census,retained_logistic_regression,growing_spheres,17,,,0.7,0.5417801491383721,0.072,1.0,0.07779034997044668,3.7561161660123616
e1_baseline,adult_census,retained_logistic_regression,growing_spheres,17,,,0.8,0.5417801491383721,0.024,1.0,0.07779034997044668,3.7561161660123616
e1_baseline,adult_census,retained_logistic_regression,growing_spheres,17,,,0.9,0.5417801491383721,0.004,1.0,0.07779034997044668,3.7561161660123616
e1_baseline,adult_census,retained_logistic_regression,growing_spheres,42,,,0.5,0.5418493948640687,1.0,1.0,0.08131165418411797,3.7567498980206437
e1_baseline,adult_census,retained_logistic_regression,growing_spheres,42,,,0.6,0.5418493948640687,0.172,1.0,0.08131165418411797,3.7567498980206437
e1_baseline,adult_census,retained_logistic_regression,growing_spheres,42,,,0.7,0.5418493948640687,0.068,1.0,0.08131165418411797,3.7567498980206437
e1_baseline,adult_census,retained_logistic_regression,growing_spheres,42,,,0.8,0.5418493948640687,0.024,1.0,0.08131165418411797,3.7567498980206437
e1_baseline,adult_census,retained_logistic_regression,growing_spheres,42,,,0.9,0.5418493948640687,0.004,1.0,0.08131165418411797,3.7567498980206437
e1_baseline,adult_census,retained_logistic_regression,growing_spheres,101,,,0.5,0.5410769971651598,1.0,1.0,0.07874193718849158,3.7503484540211502
e1_baseline,adult_census,retained_logistic_regression,growing_spheres,101,,,0.6,0.5410769971651598,0.184,1.0,0.07874193718849158,3.7503484540211502
e1_baseline,adult_census,retained_logistic_regression,growing_spheres,101,,,0.7,0.5410769971651598,0.044,1.0,0.07874193718849158,3.7503484540211502
e1_baseline,adult_census,retained_logistic_regression,growing_spheres,101,,,0.8,0.5410769971651598,0.012,1.0,0.07874193718849158,3.7503484540211502
e1_baseline,adult_census,retained_logistic_regression,growing_spheres,101,,,0.9,0.5410769971651598,0.0,1.0,0.07874193718849158,3.7503484540211502
e1_baseline,adult_census,retained_logistic_regression,growing_spheres,202,,,0.5,0.5370775048229861,1.0,1.0,0.08395064086313368,3.8843783459742554
e1_baseline,adult_census,retained_logistic_regression,growing_spheres,202,,,0.6,0.5370775048229861,0.164,1.0,0.08395064086313368,3.8843783459742554
e1_baseline,adult_census,retained_logistic_regression,growing_spheres,202,,,0.7,0.5370775048229861,0.064,1.0,0.08395064086313368,3.8843783459742554
e1_baseline,adult_census,retained_logistic_regression,growing_spheres,202,,,0.8,0.5370775048229861,0.008,1.0,0.08395064086313368,3.8843783459742554
e1_baseline,adult_census,retained_logistic_regression,growing_spheres,202,,,0.9,0.5370775048229861,0.0,1.0,0.08395064086313368,3.8843783459742554
e1_baseline,adult_census,retained_logistic_regression,growing_spheres,303,,,0.5,0.5350477592595363,1.0,1.0,0.08350159192867052,3.758632523997221
e1_baseline,adult_census,retained_logistic_regression,growing_spheres,303,,,0.6,0.5350477592595363,0.16,1.0,0.08350159192867052,3.758632523997221
e1_baseline,adult_census,retained_logistic_regression,growing_spheres,303,,,0.7,0.5350477592595363,0.044,1.0,0.08350159192867052,3.758632523997221
e1_baseline,adult_census,retained_logistic_regression,growing_spheres,303,,,0.8,0.5350477592595363,0.008,1.0,0.08350159192867052,3.758632523997221
e1_baseline,adult_census,retained_logistic_regression,growing_spheres,303,,,0.9,0.5350477592595363,0.0,1.0,0.08350159192867052,3.758632523997221
e1_baseline,adult_census,retained_logistic_regression,dice,17,,,0.5,0.6066639572912612,1.0,0.972,0.15792458836073234,43.550395666010445
e1_baseline,adult_census,retained_logistic_regression,dice,17,,,0.6,0.6066639572912612,0.41975308641975306,0.972,0.15792458836073234,43.550395666010445
e1_baseline,adult_census,retained_logistic_regression,dice,17,,,0.7,0.6066639572912612,0.18930041152263374,0.972,0.15792458836073234,43.550395666010445
e1_baseline,adult_census,retained_logistic_regression,dice,17,,,0.8,0.6066639572912612,0.06172839506172839,0.972,0.15792458836073234,43.550395666010445
e1_baseline,adult_census,retained_logistic_regression,dice,17,,,0.9,0.6066639572912612,0.00411522633744856,0.972,0.15792458836073234,43.550395666010445
e1_baseline,adult_census,retained_logistic_regression,dice,42,,,0.5,0.6028227445912763,1.0,0.972,0.15396743778249974,43.34850785601884
e1_baseline,adult_census,retained_logistic_regression,dice,42,,,0.6,0.6028227445912763,0.3991769547325103,0.972,0.15396743778249974,43.34850785601884
e1_baseline,adult_census,retained_logistic_regression,dice,42,,,0.7,0.6028227445912763,0.1728395061728395,0.972,0.15396743778249974,43.34850785601884
e1_baseline,adult_census,retained_logistic_regression,dice,42,,,0.8,0.6028227445912763,0.05761316872427984,0.972,0.15396743778249974,43.34850785601884
e1_baseline,adult_census,retained_logistic_regression,dice,42,,,0.9,0.6028227445912763,0.00411522633744856,0.972,0.15396743778249974,43.34850785601884
e1_baseline,adult_census,retained_logistic_regression,dice,101,,,0.5,0.6033573768642356,1.0,0.976,0.15732911918503112,40.83578026999021
e1_baseline,adult_census,retained_logistic_regression,dice,101,,,0.6,0.6033573768642356,0.3975409836065574,0.976,0.15732911918503112,40.83578026999021
e1_baseline,adult_census,retained_logistic_regression,dice,101,,,0.7,0.6033573768642356,0.18032786885245902,0.976,0.15732911918503112,40.83578026999021
e1_baseline,adult_census,retained_logistic_regression,dice,101,,,0.8,0.6033573768642356,0.06967213114754098,0.976,0.15732911918503112,40.83578026999021
e1_baseline,adult_census,retained_logistic_regression,dice,101,,,0.9,0.6033573768642356,0.004098360655737705,0.976,0.15732911918503112,40.83578026999021
e1_baseline,adult_census,retained_logistic_regression,dice,202,,,0.5,0.6033966567678958,1.0,0.984,0.15818698220327934,38.74763873699703
e1_baseline,adult_census,retained_logistic_regression,dice,202,,,0.6,0.6033966567678958,0.4105691056910569,0.984,0.15818698220327934,38.74763873699703
e1_baseline,adult_census,retained_logistic_regression,dice,202,,,0.7,0.6033966567678958,0.17073170731707318,0.984,0.15818698220327934,38.74763873699703
e1_baseline,adult_census,retained_logistic_regression,dice,202,,,0.8,0.6033966567678958,0.056910569105691054,0.984,0.15818698220327934,38.74763873699703
e1_baseline,adult_census,retained_logistic_regression,dice,202,,,0.9,0.6033966567678958,0.0040650406504065045,0.984,0.15818698220327934,38.74763873699703
e1_baseline,adult_census,retained_logistic_regression,dice,303,,,0.5,0.6041298795867528,1.0,0.972,0.1576375997161343,41.79774545301916
e1_baseline,adult_census,retained_logistic_regression,dice,303,,,0.6,0.6041298795867528,0.3991769547325103,0.972,0.1576375997161343,41.79774545301916
e1_baseline,adult_census,retained_logistic_regression,dice,303,,,0.7,0.6041298795867528,0.18930041152263374,0.972,0.1576375997161343,41.79774545301916
e1_baseline,adult_census,retained_logistic_regression,dice,303,,,0.8,0.6041298795867528,0.06172839506172839,0.972,0.1576375997161343,41.79774545301916
e1_baseline,adult_census,retained_logistic_regression,dice,303,,,0.9,0.6041298795867528,0.00411522633744856,0.972,0.1576375997161343,41.79774545301916
e1_baseline,adult_census,retained_logistic_regression,face,17,,,0.5,0.6593745358266143,1.0,1.0,0.13065796058819765,14.98564851199626
e1_baseline,adult_census,retained_logistic_regression,face,17,,,0.6,0.6593745358266143,0.392,1.0,0.13065796058819765,14.98564851199626
e1_baseline,adult_census,retained_logistic_regression,face,17,,,0.7,0.6593745358266143,0.292,1.0,0.13065796058819765,14.98564851199626
e1_baseline,adult_census,retained_logistic_regression,face,17,,,0.8,0.6593745358266143,0.244,1.0,0.13065796058819765,14.98564851199626
e1_baseline,adult_census,retained_logistic_regression,face,17,,,0.9,0.6593745358266143,0.188,1.0,0.13065796058819765,14.98564851199626
e1_baseline,adult_census,retained_logistic_regression,face,42,,,0.5,0.6593745358266143,1.0,1.0,0.13065796058819765,14.86956910698791
e1_baseline,adult_census,retained_logistic_regression,face,42,,,0.6,0.6593745358266143,0.392,1.0,0.13065796058819765,14.86956910698791
e1_baseline,adult_census,retained_logistic_regression,face,42,,,0.7,0.6593745358266143,0.292,1.0,0.13065796058819765,14.86956910698791
e1_baseline,adult_census,retained_logistic_regression,face,42,,,0.8,0.6593745358266143,0.244,1.0,0.13065796058819765,14.86956910698791
e1_baseline,adult_census,retained_logistic_regression,face,42,,,0.9,0.6593745358266143,0.188,1.0,0.13065796058819765,14.86956910698791
e1_baseline,adult_census,retained_logistic_regression,face,101,,,0.5,0.6593745358266143,1.0,1.0,0.13065796058819765,14.37148850801168
e1_baseline,adult_census,retained_logistic_regression,face,101,,,0.6,0.6593745358266143,0.392,1.0,0.13065796058819765,14.37148850801168
e1_baseline,adult_census,retained_logistic_regression,face,101,,,0.7,0.6593745358266143,0.292,1.0,0.13065796058819765,14.37148850801168
e1_baseline,adult_census,retained_logistic_regression,face,101,,,0.8,0.6593745358266143,0.244,1.0,0.13065796058819765,14.37148850801168
e1_baseline,adult_census,retained_logistic_regression,face,101,,,0.9,0.6593745358266143,0.188,1.0,0.13065796058819765,14.37148850801168
e1_baseline,adult_census,retained_logistic_regression,face,202,,,0.5,0.6593745358266143,1.0,1.0,0.13065796058819765,14.26157541901921
e1_baseline,adult_census,retained_logistic_regression,face,202,,,0.6,0.6593745358266143,0.392,1.0,0.13065796058819765,14.26157541901921
e1_baseline,adult_census,retained_logistic_regression,face,202,,,0.7,0.6593745358266143,0.292,1.0,0.13065796058819765,14.26157541901921
e1_baseline,adult_census,retained_logistic_regression,face,202,,,0.8,0.6593745358266143,0.244,1.0,0.13065796058819765,14.26157541901921
e1_baseline,adult_census,retained_logistic_regression,face,202,,,0.9,0.6593745358266143,0.188,1.0,0.13065796058819765,14.26157541901921
e1_baseline,adult_census,retained_logistic_regression,face,303,,,0.5,0.6593745358266143,1.0,1.0,0.13065796058819765,14.483097051008372
e1_baseline,adult_census,retained_logistic_regression,face,303,,,0.6,0.6593745358266143,0.392,1.0,0.13065796058819765,14.483097051008372
e1_baseline,adult_census,retained_logistic_regression,face,303,,,0.7,0.6593745358266143,0.292,1.0,0.13065796058819765,14.483097051008372
e1_baseline,adult_census,retained_logistic_regression,face,303,,,0.8,0.6593745358266143,0.244,1.0,0.13065796058819765,14.483097051008372
e1_baseline,adult_census,retained_logistic_regression,face,303,,,0.9,0.6593745358266143,0.188,1.0,0.13065796058819765,14.483097051008372
